msoa11cd,msoa11nm,n_firms,n_frontier_firms,total_emp,emp_frontier,total_turnover,turnover_frontier
E02000001,City of London 001,17453,6615,666442,242607,239297770,82063213
E02000002,Barking and Dagenham 001,196,30,569,53,78385,4704
E02000003,Barking and Dagenham 002,618,110,1910,193,196740,20060
E02000004,Barking and Dagenham 003,155,23,436,30,33758,2714
E02000005,Barking and Dagenham 004,278,42,636,60,74850,4519
E02000007,Barking and Dagenham 006,229,23,901,68,116778,7047
E02000008,Barking and Dagenham 007,295,31,677,59,68006,5687
E02000009,Barking and Dagenham 008,361,50,1060,119,82770,9997
E02000010,Barking and Dagenham 009,249,28,1042,105,85179,7017
E02000011,Barking and Dagenham 010,248,37,1453,120,350145,11963
E02000012,Barking and Dagenham 011,238,48,566,76,53457,8666
E02000013,Barking and Dagenham 012,230,31,465,49,46292,5733
E02000014,Barking and Dagenham 013,267,20,606,27,58430,3082
E02000015,Barking and Dagenham 014,155,21,360,57,39866,7208
E02000016,Barking and Dagenham 015,627,115,3648,439,458335,82864
E02000017,Barking and Dagenham 016,307,36,1063,73,108762,10222
E02000018,Barking and Dagenham 017,220,28,587,42,64952,3444
E02000019,Barking and Dagenham 018,292,52,5424,127,902455,18848
E02000020,Barking and Dagenham 019,669,80,4298,209,632913,32334
E02000021,Barking and Dagenham 020,207,30,775,43,81613,3518
E02000022,Barking and Dagenham 021,209,58,1091,197,218457,21853
E02000023,Barking and Dagenham 022,260,30,1333,120,269956,13200
E02000024,Barnet 001,759,281,4197,622,384763,63459
E02000025,Barnet 002,376,140,1287,486,139187,51149
E02000026,Barnet 003,217,59,683,92,65410,7200
E02000027,Barnet 004,209,88,434,137,47865,16054
E02000028,Barnet 005,294,88,770,124,209818,9662
E02000029,Barnet 006,402,107,1230,289,131693,27315
E02000030,Barnet 007,369,152,1255,356,153838,37317
E02000031,Barnet 008,515,184,2277,571,311405,84546
E02000032,Barnet 009,284,84,597,125,54387,11165
E02000033,Barnet 010,369,90,1368,153,244693,14016
E02000034,Barnet 011,352,113,840,200,105795,23143
E02000035,Barnet 012,401,134,1725,339,208129,60613
E02000036,Barnet 013,328,88,732,173,94690,19440
E02000037,Barnet 014,407,144,1468,249,118187,24876
E02000038,Barnet 015,414,141,956,350,94086,32961
E02000039,Barnet 016,471,140,1645,310,223248,28861
E02000040,Barnet 017,353,122,1060,349,125094,45182
E02000041,Barnet 018,671,165,2598,705,337972,56118
E02000042,Barnet 019,1024,341,6556,927,473232,81710
E02000043,Barnet 020,268,102,630,193,63100,16526
E02000044,Barnet 021,343,94,951,195,331318,19934
E02000045,Barnet 022,320,110,1014,175,129220,20527
E02000046,Barnet 023,1207,301,3659,995,546145,121182
E02000047,Barnet 024,334,45,1330,110,126470,9622
E02000048,Barnet 025,404,137,1624,297,137849,30065
E02000049,Barnet 026,145,34,1138,57,142699,6799
E02000050,Barnet 027,369,138,2068,252,321309,18472
E02000051,Barnet 028,1401,329,4046,697,749391,72933
E02000052,Barnet 029,470,194,22307,330,1586819,35702
E02000053,Barnet 030,579,150,3273,2024,1211339,1057317
E02000054,Barnet 031,292,85,646,173,107006,16542
E02000055,Barnet 032,760,191,2813,610,512119,184765
E02000056,Barnet 033,460,187,1635,442,237049,72040
E02000057,Barnet 034,285,91,940,224,110582,21476
E02000058,Barnet 035,607,193,2090,422,509362,52298
E02000059,Barnet 036,532,138,4655,612,1096830,75460
E02000060,Barnet 037,436,126,1441,219,182617,22707
E02000061,Barnet 038,722,214,4109,524,384920,57222
E02000062,Barnet 039,218,48,880,117,120140,22939
E02000063,Barnet 040,263,72,591,123,57211,13672
E02000064,Barnet 041,285,84,1098,271,306322,15838
E02000065,Bexley 001,362,143,2520,564,282153,31241
E02000066,Bexley 002,152,37,826,73,91923,5562
E02000067,Bexley 003,298,42,2031,106,133261,8840
E02000068,Bexley 004,334,43,2639,466,672167,23072
E02000069,Bexley 005,148,31,368,48,67492,4107
E02000070,Bexley 006,156,43,294,56,29395,4644
E02000071,Bexley 007,144,24,465,32,35193,2703
E02000072,Bexley 008,297,64,2168,156,319913,10068
E02000073,Bexley 009,244,67,587,97,50752,8670
E02000074,Bexley 010,158,28,705,133,62838,14126
E02000075,Bexley 011,184,45,657,67,54775,6623
E02000077,Bexley 013,178,42,518,91,48804,12298
E02000078,Bexley 014,167,35,441,46,46610,3709
E02000079,Bexley 015,367,56,1794,206,146939,29103
E02000080,Bexley 016,384,71,1837,667,125663,49024
E02000081,Bexley 017,175,45,389,62,36865,5358
E02000082,Bexley 018,193,51,403,79,37640,7757
E02000083,Bexley 019,413,76,3979,793,582443,105324
E02000084,Bexley 020,261,87,1066,146,155544,15143
E02000085,Bexley 021,204,35,556,49,60279,4768
E02000086,Bexley 022,167,40,504,67,46807,4680
E02000087,Bexley 023,313,79,1266,158,124768,15842
E02000088,Bexley 024,217,63,512,93,41786,9568
E02000089,Bexley 025,151,52,432,122,45560,11699
E02000090,Bexley 026,383,98,2807,339,206552,37396
E02000091,Bexley 027,262,102,955,262,87994,27712
E02000092,Bexley 028,217,42,2230,280,366629,49251
E02000093,Brent 001,452,92,1420,188,153302,16686
E02000094,Brent 002,405,75,1466,165,256316,33465
E02000095,Brent 003,405,73,1424,246,177851,22322
E02000096,Brent 004,361,132,1017,296,93946,28122
E02000097,Brent 005,399,79,1383,145,190243,20312
E02000098,Brent 006,255,55,1237,87,59565,7164
E02000099,Brent 007,564,73,2407,174,319812,26223
E02000100,Brent 008,308,118,885,203,88492,22950
E02000101,Brent 009,223,47,464,66,41679,4389
E02000102,Brent 010,194,25,630,62,144996,6789
E02000103,Brent 011,578,101,8892,417,1217397,285370
E02000104,Brent 012,246,63,902,102,62854,10067
E02000105,Brent 013,326,40,859,58,77682,3955
E02000106,Brent 014,372,40,2011,281,342572,65913
E02000107,Brent 015,411,118,1449,193,125167,26289
E02000108,Brent 016,154,32,285,48,29362,3257
E02000109,Brent 017,902,219,7055,1485,2468955,378264
E02000110,Brent 018,220,85,513,140,46703,13777
E02000111,Brent 019,336,49,1263,108,151058,11454
E02000112,Brent 020,379,64,3023,216,644321,387453
E02000113,Brent 021,177,32,12490,291,2659748,67743
E02000114,Brent 022,304,77,938,118,87241,11982
E02000115,Brent 023,256,103,681,180,69295,22753
E02000116,Brent 024,275,49,926,140,257929,12406
E02000117,Brent 025,290,58,952,256,83637,13290
E02000118,Brent 026,301,48,8234,190,810300,39244
E02000119,Brent 027,635,135,19661,2172,7711299,405568
E02000120,Brent 028,418,172,1458,344,180621,42382
E02000121,Brent 029,528,104,3337,419,627697,149237
E02000122,Brent 030,342,171,1029,384,106304,40641
E02000123,Brent 031,518,128,1579,214,174679,28405
E02000124,Brent 032,673,311,4642,1614,618610,240682
E02000125,Brent 033,442,210,875,287,103956,35283
E02000126,Brent 034,162,63,295,88,31082,8897
E02000127,Bromley 001,193,40,539,52,41509,5931
E02000128,Bromley 002,288,78,947,132,103864,29998
E02000130,Bromley 004,382,122,3215,204,247940,20176
E02000131,Bromley 005,301,146,576,210,55023,23879
E02000132,Bromley 006,470,171,3044,384,437865,62545
E02000133,Bromley 007,383,184,1164,368,117694,37480
E02000134,Bromley 008,589,181,3611,485,599542,59360
E02000135,Bromley 009,246,64,1036,100,208667,7191
E02000136,Bromley 010,216,70,928,133,95196,19474
E02000137,Bromley 011,211,95,494,137,56582,14578
E02000138,Bromley 012,294,127,856,219,115346,23228
E02000139,Bromley 013,272,114,1186,214,73521,22516
E02000140,Bromley 014,209,39,973,225,168303,27798
E02000141,Bromley 015,171,77,375,147,36239,16621
E02000142,Bromley 016,285,96,930,218,105700,39031
E02000144,Bromley 018,640,214,4991,657,466520,149688
E02000145,Bromley 019,201,43,1107,137,137057,17471
E02000146,Bromley 020,348,125,1539,811,141009,56615
E02000147,Bromley 021,245,114,648,197,70333,21166
E02000148,Bromley 022,322,89,1186,191,110157,27221
E02000149,Bromley 023,287,91,2872,465,373828,54701
E02000150,Bromley 024,234,71,588,92,57174,7557
E02000151,Bromley 025,198,96,452,149,49050,20002
E02000152,Bromley 026,167,57,376,78,50244,6473
E02000153,Bromley 027,186,81,389,137,40427,15060
E02000154,Bromley 028,345,94,2427,173,416278,18264
E02000155,Bromley 029,253,53,642,97,64131,9709
E02000156,Bromley 030,447,159,1820,602,250212,135447
E02000157,Bromley 031,212,89,2250,161,67319,18149
E02000158,Bromley 032,154,58,310,82,30423,7912
E02000159,Bromley 033,342,103,1368,212,201712,23086
E02000160,Bromley 034,312,73,1205,139,274868,12182
E02000161,Bromley 035,214,98,388,147,38547,13480
E02000162,Bromley 036,214,72,1059,172,90287,17366
E02000163,Bromley 037,246,81,739,137,72991,13333
E02000165,Bromley 039,215,48,661,179,84970,15243
E02000166,Camden 001,381,184,1321,553,152624,63123
E02000167,Camden 002,526,241,3418,1706,290633,162169
E02000168,Camden 003,548,307,3853,1870,763798,270587
E02000169,Camden 004,326,155,997,444,114957,54012
E02000170,Camden 005,451,216,1089,404,102259,44204
E02000171,Camden 006,314,172,790,331,103739,44462
E02000172,Camden 007,343,130,1783,426,501434,50738
E02000173,Camden 008,717,368,3654,1860,543574,252463
E02000174,Camden 009,376,201,1495,819,147802,81336
E02000175,Camden 010,501,180,2429,509,327289,59677
E02000176,Camden 011,361,180,1528,542,622169,63609
E02000177,Camden 012,254,104,965,315,87295,39444
E02000178,Camden 013,460,128,1414,245,161485,27638
E02000179,Camden 014,209,102,690,335,77832,24348
E02000180,Camden 015,315,164,1097,558,120519,65760
E02000181,Camden 016,278,145,807,241,58564,21206
E02000182,Camden 017,437,190,2158,920,305579,183038
E02000183,Camden 018,693,322,12236,2363,1624220,587333
E02000184,Camden 019,555,281,6665,2352,965891,359557
E02000185,Camden 020,490,203,2772,1359,521979,215075
E02000186,Camden 021,1028,408,31007,14606,19700767,8994855
E02000187,Camden 022,459,218,15752,4974,5265243,1218229
E02000188,Camden 023,212,56,46587,1382,12314848,2113500
E02000189,Camden 024,499,202,4611,2023,673751,357398
E02000190,Camden 025,616,216,10158,1708,1152433,158976
E02000191,Camden 026,1865,886,42645,14931,7602470,4262021
E02000192,Camden 027,3442,1468,39464,15992,8488218,2917770
E02000193,Camden 028,13363,5430,119755,50210,26833993,15146450
E02000194,Croydon 001,396,161,1259,342,130552,54601
E02000195,Croydon 002,267,99,637,170,151910,24597
E02000196,Croydon 003,224,45,610,70,75676,25249
E02000197,Croydon 004,275,59,735,107,62387,9558
E02000198,Croydon 005,206,41,476,64,46493,6313
E02000199,Croydon 006,204,50,752,58,85844,5792
E02000200,Croydon 007,270,96,572,135,64711,12831
E02000201,Croydon 008,176,45,409,64,34579,5329
E02000202,Croydon 009,149,28,321,57,29007,3974
E02000203,Croydon 010,238,41,2241,79,225975,6038
E02000204,Croydon 011,220,34,1350,84,98872,6403
E02000206,Croydon 013,264,49,1345,168,116169,13185
E02000207,Croydon 014,210,53,523,83,62216,8322
E02000208,Croydon 015,196,45,1603,1233,450562,420459
E02000209,Croydon 016,255,38,1019,59,110529,4945
E02000210,Croydon 017,182,71,378,107,33131,8450
E02000211,Croydon 018,173,69,360,112,32589,11884
E02000212,Croydon 019,284,43,3995,239,763831,42839
E02000213,Croydon 020,547,129,2200,223,310252,17400
E02000214,Croydon 021,191,55,432,78,44966,6414
E02000215,Croydon 022,331,111,1391,455,312621,46536
E02000216,Croydon 023,231,132,448,208,51518,20566
E02000217,Croydon 024,461,111,2243,539,341575,167964
E02000218,Croydon 025,131,30,328,44,26939,4529
E02000219,Croydon 026,233,71,819,185,112468,20503
E02000220,Croydon 027,1058,379,36696,5182,4824218,699538
E02000221,Croydon 028,424,120,4748,488,1153379,72247
E02000222,Croydon 029,300,112,2480,206,796074,24296
E02000223,Croydon 030,59,*,150,*,12866,526
E02000224,Croydon 031,319,81,941,143,126942,13255
E02000225,Croydon 032,140,*,450,*,44133,2753
E02000226,Croydon 033,244,82,2069,237,134231,21071
E02000227,Croydon 034,173,38,426,73,38441,7409
E02000228,Croydon 035,266,107,630,203,83310,24807
E02000229,Croydon 036,129,22,999,303,131473,43002
E02000230,Croydon 037,432,151,2031,304,219358,35481
E02000231,Croydon 038,268,110,628,223,74185,20161
E02000232,Croydon 039,154,36,407,69,36159,6252
E02000233,Croydon 040,164,66,451,202,68296,30370
E02000234,Croydon 041,419,123,2668,317,554223,34212
E02000235,Croydon 042,207,85,524,164,63807,16551
E02000236,Croydon 043,245,91,552,148,62149,13035
E02000237,Croydon 044,201,66,657,157,58994,17184
E02000238,Ealing 001,258,51,1025,89,628687,25515
E02000239,Ealing 002,334,103,803,166,136370,20289
E02000240,Ealing 003,229,42,444,87,48637,6106
E02000241,Ealing 004,259,39,2557,73,501265,6730
E02000242,Ealing 005,290,53,1670,150,306854,25756
E02000243,Ealing 006,384,78,8547,1229,1539644,435219
E02000244,Ealing 007,417,76,4043,943,550477,128639
E02000245,Ealing 008,163,32,894,43,48274,3704
E02000246,Ealing 009,177,22,431,29,43768,2325
E02000247,Ealing 010,265,42,607,63,69670,7509
E02000248,Ealing 011,571,143,12927,432,1945339,231976
E02000249,Ealing 012,282,44,1084,61,112992,7059
E02000250,Ealing 013,260,114,769,161,81917,15365
E02000251,Ealing 014,219,38,471,59,56059,4792
E02000252,Ealing 015,1227,231,29740,1488,10586785,394809
E02000253,Ealing 016,180,43,323,62,36679,8902
E02000254,Ealing 017,289,29,907,49,68682,4556
E02000255,Ealing 018,281,152,1089,266,96671,25984
E02000256,Ealing 019,554,216,3655,828,380687,120226
E02000257,Ealing 020,722,258,2309,551,242457,79190
E02000258,Ealing 021,233,89,555,124,52587,9377
E02000259,Ealing 022,204,76,426,116,39382,9492
E02000260,Ealing 023,515,31,2054,84,507233,10192
E02000261,Ealing 024,325,103,786,151,105411,18056
E02000262,Ealing 025,458,160,1171,250,124634,29330
E02000263,Ealing 026,276,39,781,59,210634,3777
E02000264,Ealing 027,328,133,1215,253,95430,25377
E02000265,Ealing 028,428,140,1241,212,146818,38413
E02000266,Ealing 029,481,92,5374,203,542271,62015
E02000267,Ealing 030,320,92,851,122,86338,11912
E02000268,Ealing 031,402,196,1357,584,168699,85941
E02000269,Ealing 032,456,172,2735,1275,434393,237558
E02000270,Ealing 033,326,113,1865,371,222237,44640
E02000271,Ealing 034,630,233,3367,880,792537,104179
E02000272,Ealing 035,325,146,1297,279,174328,27284
E02000274,Ealing 037,633,92,3172,308,580053,29642
E02000275,Ealing 038,214,28,743,52,78196,5600
E02000276,Ealing 039,313,137,737,259,83271,33708
E02000277,Enfield 001,160,33,709,348,107853,57225
E02000278,Enfield 002,213,19,674,37,64392,3600
E02000279,Enfield 003,413,71,3635,364,573331,41941
E02000280,Enfield 004,378,62,1984,111,516598,9275
E02000281,Enfield 005,219,43,720,71,78637,7729
E02000282,Enfield 006,225,17,840,24,72494,1779
E02000283,Enfield 007,144,18,536,111,90205,8131
E02000284,Enfield 008,318,74,1567,114,112720,12257
E02000285,Enfield 009,172,52,749,114,65672,11141
E02000286,Enfield 010,268,93,719,142,83336,10364
E02000287,Enfield 011,426,149,1461,271,140067,30959
E02000288,Enfield 012,370,39,1889,115,272138,18297
E02000289,Enfield 013,194,64,417,109,43748,14301
E02000290,Enfield 014,367,49,5394,251,932878,29584
E02000291,Enfield 015,372,84,2567,146,224479,15310
E02000292,Enfield 016,351,71,1819,239,432171,22927
E02000293,Enfield 017,229,83,790,209,64922,12410
E02000294,Enfield 018,226,32,1067,79,152125,5371
E02000295,Enfield 019,380,144,1052,226,99779,22269
E02000296,Enfield 020,981,284,3592,730,479226,164915
E02000297,Enfield 021,278,89,679,120,61842,11505
E02000298,Enfield 022,498,154,1562,309,126314,30108
E02000299,Enfield 023,310,36,1042,41,90061,3508
E02000300,Enfield 024,185,19,543,50,40171,4358
E02000301,Enfield 025,250,36,959,59,184398,4973
E02000302,Enfield 026,287,78,674,137,76373,16448
E02000303,Enfield 027,223,20,670,27,65953,2314
E02000304,Enfield 028,336,131,885,224,83812,21375
E02000305,Enfield 029,904,343,2975,929,451215,139283
E02000306,Enfield 030,404,39,2799,89,552670,12003
E02000307,Enfield 031,247,39,721,83,75326,5313
E02000308,Enfield 032,276,83,966,128,177904,12370
E02000309,Enfield 033,379,38,1668,78,191808,6080
E02000311,Enfield 035,304,42,947,64,93365,6371
E02000312,Enfield 036,405,87,2759,610,224467,59434
E02000313,Greenwich 001,97,19,207,24,16593,4126
E02000314,Greenwich 002,350,86,1506,233,150415,26277
E02000315,Greenwich 003,162,21,383,47,41064,3737
E02000316,Greenwich 004,862,240,15327,811,974689,88325
E02000317,Greenwich 005,132,39,339,78,56793,20998
E02000318,Greenwich 006,282,36,1102,47,94426,4477
E02000319,Greenwich 007,257,70,851,422,78796,36751
E02000320,Greenwich 008,140,36,294,47,32219,4710
E02000321,Greenwich 009,109,30,191,41,16816,4858
E02000323,Greenwich 011,313,68,780,86,67185,10335
E02000324,Greenwich 012,163,42,915,104,48910,7100
E02000326,Greenwich 014,182,80,363,113,30903,9620
E02000327,Greenwich 015,109,40,249,51,39993,4399
E02000328,Greenwich 016,198,93,450,143,48862,17877
E02000329,Greenwich 017,107,29,218,44,20300,3661
E02000331,Greenwich 019,173,49,403,63,35146,6412
E02000332,Greenwich 020,176,64,339,110,31207,8417
E02000333,Greenwich 021,249,134,679,265,70282,34139
E02000334,Greenwich 022,159,49,409,82,32073,7298
E02000335,Greenwich 023,148,51,299,67,34885,8747
E02000337,Greenwich 025,180,53,568,120,55764,23424
E02000339,Greenwich 027,268,70,949,112,63281,8350
E02000340,Greenwich 028,335,110,2171,329,111575,29657
E02000341,Greenwich 029,132,23,231,30,29987,3147
E02000342,Greenwich 030,182,47,637,109,47602,9487
E02000343,Greenwich 031,171,37,450,57,141913,6706
E02000344,Greenwich 032,176,59,466,98,60934,13508
E02000345,Hackney 001,404,75,1756,230,178467,19733
E02000346,Hackney 002,197,80,664,125,44965,11465
E02000347,Hackney 003,238,75,759,179,121357,26901
E02000348,Hackney 004,254,58,706,101,98187,9395
E02000350,Hackney 006,378,162,1035,263,115972,24114
E02000351,Hackney 007,310,135,927,184,69234,17182
E02000352,Hackney 008,274,148,619,204,50755,17022
E02000353,Hackney 009,498,194,1684,320,152853,35552
E02000354,Hackney 010,311,156,697,214,83171,20188
E02000355,Hackney 011,346,172,832,253,68212,23740
E02000356,Hackney 012,389,209,1615,373,209360,42574
E02000357,Hackney 013,125,45,263,63,28749,5479
E02000358,Hackney 014,528,231,1519,459,166710,54498
E02000359,Hackney 015,237,113,515,191,48962,18915
E02000360,Hackney 016,455,229,1273,469,120601,46109
E02000361,Hackney 017,476,187,1935,414,136377,32132
E02000362,Hackney 018,363,174,2281,799,439660,75608
E02000363,Hackney 019,266,102,632,172,58343,12146
E02000364,Hackney 020,463,226,1485,436,121489,38166
E02000365,Hackney 021,965,461,4135,1431,399938,159893
E02000366,Hackney 022,297,116,983,174,88724,21320
E02000367,Hackney 023,880,445,3728,1417,342850,145847
E02000368,Hackney 024,264,133,658,278,62179,34677
E02000369,Hackney 025,624,301,2571,922,257585,115820
E02000370,Hackney 026,5104,2629,20621,8570,2675932,1026697
E02000371,Hackney 027,5619,3115,139368,34650,25980110,13973077
E02000372,Hammersmith and Fulham 001,653,247,30293,26505,3095639,1260174
E02000373,Hammersmith and Fulham 002,67,13,143,30,11362,1606
E02000374,Hammersmith and Fulham 003,174,90,503,166,36386,15492
E02000375,Hammersmith and Fulham 004,428,200,6828,1399,1262415,356389
E02000376,Hammersmith and Fulham 005,391,124,1782,373,172707,30247
E02000377,Hammersmith and Fulham 006,337,139,1723,409,144948,62800
E02000378,Hammersmith and Fulham 007,356,173,2848,1812,1073507,612500
E02000379,Hammersmith and Fulham 008,326,179,625,273,57426,23427
E02000380,Hammersmith and Fulham 009,294,160,834,412,87856,41306
E02000381,Hammersmith and Fulham 010,451,207,4683,2351,1387313,690843
E02000382,Hammersmith and Fulham 011,379,176,4140,734,337340,88059
E02000383,Hammersmith and Fulham 012,499,225,14597,7627,3129453,1264041
E02000384,Hammersmith and Fulham 013,1046,484,32934,12260,10867190,7189679
E02000385,Hammersmith and Fulham 014,198,93,693,145,128893,30222
E02000386,Hammersmith and Fulham 015,177,63,568,182,38759,14783
E02000387,Hammersmith and Fulham 016,138,56,279,86,54558,10154
E02000388,Hammersmith and Fulham 017,462,181,1655,460,221236,112218
E02000389,Hammersmith and Fulham 018,445,210,5038,1242,1498840,187568
E02000390,Hammersmith and Fulham 019,275,108,976,385,142873,63216
E02000391,Hammersmith and Fulham 020,550,199,4769,566,723905,65847
E02000392,Hammersmith and Fulham 021,607,223,4206,1039,715491,173902
E02000393,Hammersmith and Fulham 022,204,97,507,191,53455,19977
E02000394,Hammersmith and Fulham 023,521,194,2627,821,564960,134427
E02000395,Hammersmith and Fulham 024,614,245,3321,1032,458391,154124
E02000396,Hammersmith and Fulham 025,447,188,2202,486,371574,58875
E02000397,Haringey 001,311,82,782,128,109085,14267
E02000398,Haringey 002,358,40,3428,194,657993,12298
E02000400,Haringey 004,339,127,1605,324,179490,54805
E02000401,Haringey 005,141,25,380,34,52008,3242
E02000402,Haringey 006,135,16,359,25,43895,2405
E02000403,Haringey 007,444,101,9887,385,499528,48316
E02000404,Haringey 008,239,35,604,44,58357,3397
E02000405,Haringey 009,281,132,838,287,81508,30123
E02000406,Haringey 010,173,44,638,63,72696,5467
E02000407,Haringey 011,253,50,872,94,72362,7682
E02000408,Haringey 012,208,30,1065,35,64357,3873
E02000409,Haringey 013,167,40,379,49,28849,4204
E02000410,Haringey 014,354,187,890,298,107408,30961
E02000411,Haringey 015,533,142,2163,439,357804,48784
E02000412,Haringey 016,481,79,1807,178,198172,17548
E02000413,Haringey 017,288,145,705,285,85220,49379
E02000414,Haringey 018,193,59,419,77,36550,8541
E02000415,Haringey 019,260,75,763,117,57449,14088
E02000416,Haringey 020,287,112,673,159,63251,17560
E02000417,Haringey 021,364,155,1327,289,122327,27783
E02000418,Haringey 022,264,149,622,236,64909,24248
E02000419,Haringey 023,397,100,1340,162,117086,15647
E02000420,Haringey 024,368,107,1087,163,109428,14123
E02000421,Haringey 025,473,108,2320,217,288364,16129
E02000422,Haringey 026,216,51,604,71,52431,6409
E02000423,Haringey 027,245,81,732,110,65152,15592
E02000424,Haringey 028,295,155,850,288,85408,21318
E02000425,Haringey 029,265,36,1015,94,106624,7834
E02000426,Haringey 030,340,178,952,420,101885,52139
E02000427,Haringey 031,252,103,706,125,55654,16508
E02000428,Haringey 032,297,74,1385,168,207105,14631
E02000429,Haringey 033,303,177,494,233,47973,21287
E02000430,Haringey 034,463,223,1911,404,139865,37045
E02000431,Haringey 035,373,187,982,327,110116,34794
E02000432,Haringey 036,253,132,539,180,43481,17628
E02000433,Harrow 001,503,156,1572,306,322404,124103
E02000434,Harrow 002,829,262,2689,584,424448,83172
E02000435,Harrow 003,226,75,453,131,105137,14393
E02000436,Harrow 004,218,82,665,231,118111,23023
E02000437,Harrow 005,292,72,758,108,89234,8343
E02000438,Harrow 006,314,91,1321,223,125024,21691
E02000439,Harrow 007,654,151,2216,325,360925,32925
E02000440,Harrow 008,369,107,858,186,104429,17641
E02000441,Harrow 009,246,103,541,175,70199,26532
E02000442,Harrow 010,312,45,968,116,126725,11836
E02000443,Harrow 011,444,113,1936,500,347854,154177
E02000444,Harrow 012,294,60,683,90,68035,14504
E02000445,Harrow 013,329,67,1331,104,235610,7993
E02000447,Harrow 015,267,93,594,149,64838,15097
E02000448,Harrow 016,379,139,1652,275,680086,25890
E02000449,Harrow 017,245,33,464,51,58227,3936
E02000451,Harrow 019,263,92,673,139,67983,15840
E02000452,Harrow 020,634,159,3435,655,471107,103902
E02000453,Harrow 021,433,137,4879,652,500922,102291
E02000454,Harrow 022,260,136,655,204,56690,19831
E02000455,Harrow 023,1238,420,7960,1710,2196545,224858
E02000456,Harrow 024,210,68,486,112,80644,12114
E02000457,Harrow 025,277,80,1036,122,105562,14146
E02000459,Harrow 027,336,86,1215,196,289636,44305
E02000460,Harrow 028,185,58,354,89,33324,7775
E02000461,Harrow 029,328,118,1324,214,300265,23799
E02000462,Harrow 030,241,44,775,80,65011,7683
E02000463,Harrow 031,203,47,502,78,45069,10326
E02000464,Havering 001,175,28,495,50,56062,5151
E02000465,Havering 002,235,44,1301,503,209809,123687
E02000466,Havering 003,183,30,593,56,54198,8279
E02000467,Havering 004,257,36,1547,121,339168,11561
E02000468,Havering 005,229,15,1088,25,98775,3018
E02000469,Havering 006,171,22,546,31,90650,2760
E02000470,Havering 007,380,95,2766,571,698273,72193
E02000471,Havering 008,188,44,482,106,43041,12293
E02000472,Havering 009,198,26,474,43,59173,4944
E02000473,Havering 010,262,59,898,191,84448,17712
E02000474,Havering 011,212,35,617,195,75473,25476
E02000475,Havering 012,308,81,1224,133,232847,17327
E02000476,Havering 013,757,131,7784,368,1424724,44665
E02000477,Havering 014,271,69,934,232,159049,45346
E02000478,Havering 015,215,56,770,107,99645,11811
E02000479,Havering 016,412,53,2229,218,163364,17625
E02000480,Havering 017,405,80,1927,125,668319,16480
E02000481,Havering 018,219,36,1080,61,136261,7620
E02000482,Havering 019,195,64,1078,103,1041497,9827
E02000483,Havering 020,364,47,1694,191,150760,15654
E02000484,Havering 021,209,31,1075,46,100591,4416
E02000485,Havering 022,309,58,1627,110,185393,9589
E02000486,Havering 023,231,42,863,71,70135,6234
E02000487,Havering 024,223,62,687,146,71424,10510
E02000488,Havering 025,139,35,333,51,31721,3977
E02000489,Havering 026,189,39,501,53,42990,5151
E02000490,Havering 027,147,19,322,35,29956,4503
E02000491,Havering 028,457,56,3046,300,792909,27176
E02000492,Havering 029,292,42,2694,574,742429,70127
E02000493,Havering 030,191,16,464,29,42427,2196
E02000494,Hillingdon 001,295,128,1016,300,91838,34550
E02000495,Hillingdon 002,561,152,2037,284,220989,27429
E02000496,Hillingdon 003,284,66,1591,180,285910,29566
E02000497,Hillingdon 004,313,141,1016,421,124668,32833
E02000498,Hillingdon 005,178,60,4546,261,368057,49017
E02000499,Hillingdon 006,278,102,2313,163,177209,16614
E02000500,Hillingdon 007,855,270,2894,539,268370,60326
E02000501,Hillingdon 008,320,88,978,201,197768,28501
E02000502,Hillingdon 009,249,91,755,248,54668,11879
E02000503,Hillingdon 010,227,69,1392,152,231188,18957
E02000504,Hillingdon 011,248,92,977,172,260918,12595
E02000506,Hillingdon 013,315,104,1093,444,113061,36860
E02000507,Hillingdon 014,184,41,422,87,45954,7866
E02000508,Hillingdon 015,514,162,10069,997,3733962,315283
E02000509,Hillingdon 016,667,155,52005,2181,4527290,500168
E02000510,Hillingdon 017,252,56,970,238,102808,16600
E02000511,Hillingdon 018,279,39,2972,79,636816,5697
E02000512,Hillingdon 019,243,36,744,77,47276,3651
E02000513,Hillingdon 020,198,26,461,46,43876,4774
E02000514,Hillingdon 021,401,44,1366,81,161636,61789
E02000515,Hillingdon 022,389,76,2994,319,692378,53753
E02000516,Hillingdon 023,199,29,450,39,60531,3576
E02000517,Hillingdon 024,249,40,506,57,58647,4678
E02000518,Hillingdon 025,256,37,2699,1076,510761,251157
E02000519,Hillingdon 026,250,41,1275,158,185196,15791
E02000520,Hillingdon 027,1006,202,13291,5487,4252889,1201865
E02000521,Hillingdon 028,297,96,744,240,78040,17742
E02000522,Hillingdon 029,277,59,937,175,289610,70313
E02000523,Hillingdon 030,350,63,2683,1022,500979,172923
E02000524,Hillingdon 031,565,87,32423,774,4419293,420586
E02000525,Hillingdon 032,223,28,3061,98,389129,16489
E02000526,Hounslow 001,575,289,2592,668,480512,145394
E02000528,Hounslow 003,545,204,9561,7073,674384,233459
E02000529,Hounslow 004,273,54,824,107,83649,11428
E02000530,Hounslow 005,288,30,2414,67,1609254,8158
E02000531,Hounslow 006,651,228,13304,8911,12347137,7740941
E02000532,Hounslow 007,419,216,2167,484,1794755,77315
E02000533,Hounslow 008,404,217,5251,384,320976,36513
E02000534,Hounslow 009,546,215,15898,12200,10158189,9199163
E02000535,Hounslow 010,236,55,602,108,76780,10235
E02000536,Hounslow 011,307,84,1073,163,100219,20343
E02000537,Hounslow 012,321,107,755,139,64176,14024
E02000538,Hounslow 013,326,59,2705,522,488455,165686
E02000539,Hounslow 014,410,146,1583,376,253159,34330
E02000540,Hounslow 015,477,131,3260,226,343100,20145
E02000541,Hounslow 016,385,106,1920,270,162141,22183
E02000542,Hounslow 017,361,101,1011,189,107966,17393
E02000543,Hounslow 018,604,164,30694,498,3549121,72436
E02000544,Hounslow 019,250,83,652,192,64907,20609
E02000545,Hounslow 020,300,105,945,166,105270,13697
E02000546,Hounslow 021,267,84,634,141,79960,12084
E02000547,Hounslow 022,396,74,5548,183,2155795,139026
E02000548,Hounslow 023,245,46,11020,5748,10309589,8938803
E02000549,Hounslow 024,364,122,1645,433,162967,50787
E02000550,Hounslow 025,259,70,985,96,119965,7826
E02000551,Hounslow 026,293,56,11029,235,3143873,30666
E02000552,Hounslow 027,278,54,2583,1082,874106,556845
E02000553,Hounslow 028,173,36,339,66,32052,6419
E02000554,Islington 001,307,137,686,245,81707,23708
E02000555,Islington 002,310,153,664,211,57508,18560
E02000556,Islington 003,482,179,2170,509,161595,48667
E02000557,Islington 004,288,114,1290,271,105430,30937
E02000558,Islington 005,242,68,697,195,55328,16983
E02000559,Islington 006,372,188,1103,466,80062,33424
E02000560,Islington 007,402,139,3154,506,254194,66164
E02000561,Islington 008,298,174,790,261,96709,22583
E02000562,Islington 009,337,182,1464,583,153130,60992
E02000563,Islington 010,177,82,492,160,34706,14982
E02000564,Islington 011,415,188,3136,515,508095,80817
E02000565,Islington 012,462,218,919,319,99597,41474
E02000566,Islington 013,426,198,2417,807,295862,155017
E02000567,Islington 014,378,191,863,357,79294,30188
E02000568,Islington 015,490,231,5712,1544,807169,179102
E02000569,Islington 016,420,160,1687,391,159294,39140
E02000570,Islington 017,406,197,1840,773,281382,112490
E02000571,Islington 018,349,175,1402,687,151564,65163
E02000572,Islington 019,194,65,845,287,63695,26200
E02000573,Islington 020,922,411,12820,3181,1324963,518675
E02000574,Islington 021,686,297,11199,5612,2512948,902141
E02000575,Islington 022,3181,1772,53123,24689,10232704,5179358
E02000576,Islington 023,6996,3478,65839,32665,22737160,16278339
E02000577,Kensington and Chelsea 001,655,284,4055,1433,819755,215672
E02000578,Kensington and Chelsea 002,197,82,1785,284,336660,152007
E02000579,Kensington and Chelsea 003,412,211,1652,436,321689,58089
E02000580,Kensington and Chelsea 004,491,182,2697,453,277041,53029
E02000581,Kensington and Chelsea 005,212,86,13157,2288,2520029,1739957
E02000582,Kensington and Chelsea 006,533,223,2401,753,317860,155771
E02000583,Kensington and Chelsea 007,489,220,1949,560,219511,76150
E02000584,Kensington and Chelsea 008,831,318,4648,1675,415830,147204
E02000585,Kensington and Chelsea 009,381,180,1391,424,385022,170980
E02000586,Kensington and Chelsea 010,562,250,19024,15856,2938234,2401019
E02000587,Kensington and Chelsea 011,624,278,4392,931,353841,102205
E02000588,Kensington and Chelsea 012,807,283,10312,2115,1825984,738362
E02000589,Kensington and Chelsea 013,600,235,2397,578,318436,139539
E02000590,Kensington and Chelsea 014,557,175,5292,616,708337,158705
E02000591,Kensington and Chelsea 015,254,87,2071,458,210735,28608
E02000592,Kensington and Chelsea 016,444,167,5924,3665,1390828,154752
E02000593,Kensington and Chelsea 017,351,155,1472,258,174078,58560
E02000594,Kensington and Chelsea 018,495,209,3652,1480,1204205,186728
E02000595,Kensington and Chelsea 019,472,179,2864,533,642044,107689
E02000596,Kensington and Chelsea 020,424,180,1640,435,240127,107487
E02000597,Kensington and Chelsea 021,466,188,1957,616,283165,87749
E02000598,Kingston upon Thames 001,273,154,763,382,84251,40187
E02000599,Kingston upon Thames 002,252,116,637,228,71761,23171
E02000600,Kingston upon Thames 003,262,114,756,182,70285,25470
E02000601,Kingston upon Thames 004,487,234,1912,534,165395,49897
E02000602,Kingston upon Thames 005,386,146,2144,932,361646,160055
E02000603,Kingston upon Thames 006,231,66,872,112,79832,9573
E02000604,Kingston upon Thames 007,845,138,25123,473,1995452,56720
E02000605,Kingston upon Thames 008,360,128,1534,324,155435,31925
E02000606,Kingston upon Thames 009,654,242,4947,922,465434,100480
E02000607,Kingston upon Thames 010,248,108,734,235,172130,23778
E02000608,Kingston upon Thames 011,487,209,2498,951,316925,140931
E02000609,Kingston upon Thames 012,202,63,436,107,45891,11196
E02000610,Kingston upon Thames 013,305,138,1006,270,431263,38150
E02000611,Kingston upon Thames 014,220,90,440,133,43936,12356
E02000612,Kingston upon Thames 015,307,98,1482,160,130878,16904
E02000613,Kingston upon Thames 016,291,119,707,155,91997,30041
E02000614,Kingston upon Thames 017,545,139,10930,834,5734741,253726
E02000615,Kingston upon Thames 018,303,68,1376,148,224817,16788
E02000616,Kingston upon Thames 019,157,50,1494,225,328608,73097
E02000617,Kingston upon Thames 020,238,58,10168,398,1194977,85964
E02000619,Lambeth 002,332,136,1660,547,16068582,100953
E02000620,Lambeth 003,559,249,5622,2178,632318,325991
E02000621,Lambeth 004,597,253,4822,1980,816447,366458
E02000622,Lambeth 005,366,154,3742,999,636050,124451
E02000623,Lambeth 006,152,67,335,86,24482,6866
E02000624,Lambeth 007,207,99,766,161,67012,14700
E02000625,Lambeth 008,219,70,3010,102,230709,9784
E02000626,Lambeth 009,156,60,527,110,65397,11139
E02000627,Lambeth 010,351,112,979,195,101419,25739
E02000628,Lambeth 011,543,113,4056,906,291385,77497
E02000629,Lambeth 012,402,143,2418,528,269702,51211
E02000630,Lambeth 013,423,200,2209,579,262314,53757
E02000631,Lambeth 014,325,165,1304,542,345881,194192
E02000632,Lambeth 015,295,131,2019,494,133434,53478
E02000633,Lambeth 016,340,137,2075,414,211028,34681
E02000634,Lambeth 017,218,90,1029,186,113636,37303
E02000635,Lambeth 018,343,144,1492,423,164938,83785
E02000636,Lambeth 019,230,110,585,180,54878,18771
E02000637,Lambeth 020,289,144,659,232,75409,26392
E02000638,Lambeth 021,233,101,907,196,53800,15038
E02000639,Lambeth 022,134,53,220,64,19868,5325
E02000640,Lambeth 023,246,124,713,235,90309,21892
E02000641,Lambeth 024,102,39,198,60,24663,4184
E02000642,Lambeth 025,281,136,753,234,63080,18407
E02000643,Lambeth 026,251,108,540,175,50136,16393
E02000644,Lambeth 027,240,103,470,153,49951,18534
E02000645,Lambeth 028,437,171,1706,555,250553,90286
E02000646,Lambeth 029,422,158,1335,264,118938,34261
E02000647,Lambeth 030,219,107,451,156,46323,19421
E02000648,Lambeth 031,121,40,265,62,26495,5558
E02000649,Lambeth 032,430,140,1161,240,104231,23447
E02000650,Lambeth 033,238,94,822,186,81700,24985
E02000651,Lambeth 034,306,100,971,186,81297,25175
E02000652,Lambeth 035,151,40,312,57,29095,5431
E02000653,Lewisham 001,280,128,822,296,75012,29259
E02000654,Lewisham 002,253,65,1036,145,97245,17465
E02000655,Lewisham 003,263,68,1175,121,173170,10894
E02000657,Lewisham 005,278,113,732,189,65067,18189
E02000658,Lewisham 006,237,116,556,180,46241,16082
E02000659,Lewisham 007,214,99,475,151,58210,17357
E02000660,Lewisham 008,258,134,659,204,42438,17245
E02000661,Lewisham 009,254,99,1178,165,73249,13737
E02000662,Lewisham 010,218,100,801,377,54715,27077
E02000663,Lewisham 011,223,104,561,193,44757,18037
E02000664,Lewisham 012,399,106,1657,140,222499,19153
E02000665,Lewisham 013,217,88,546,151,47456,21784
E02000666,Lewisham 014,189,82,508,106,40724,11915
E02000667,Lewisham 015,199,85,500,113,52342,10925
E02000668,Lewisham 016,203,77,540,115,71964,12071
E02000669,Lewisham 017,235,99,1405,130,84010,15523
E02000670,Lewisham 018,136,46,291,59,23449,4740
E02000671,Lewisham 019,358,147,1374,279,96223,21608
E02000672,Lewisham 020,296,74,3334,198,167617,14901
E02000673,Lewisham 021,321,142,1220,364,63086,19995
E02000674,Lewisham 022,157,69,333,104,30554,8580
E02000675,Lewisham 023,194,62,522,98,46156,8616
E02000676,Lewisham 024,198,98,321,136,34363,12836
E02000677,Lewisham 025,235,91,691,128,77051,11856
E02000678,Lewisham 026,106,26,228,54,23347,6371
E02000679,Lewisham 027,217,108,501,145,43236,12528
E02000680,Lewisham 028,225,89,624,129,63237,12557
E02000681,Lewisham 029,168,43,475,120,55764,18752
E02000682,Lewisham 030,114,24,359,30,51207,2289
E02000683,Lewisham 031,126,35,237,56,30398,4569
E02000685,Lewisham 033,220,91,516,147,31659,13322
E02000686,Lewisham 034,122,27,1179,95,127409,9812
E02000687,Lewisham 035,311,112,885,165,70900,15403
E02000689,Merton 001,470,190,3077,535,519538,82288
E02000690,Merton 002,282,134,1077,398,195141,130420
E02000691,Merton 003,411,168,2561,526,199440,57777
E02000692,Merton 004,565,264,6865,1676,1988312,432697
E02000693,Merton 005,366,124,1269,268,125719,22823
E02000694,Merton 006,379,139,8357,245,720992,27860
E02000695,Merton 007,234,61,1203,123,123616,9524
E02000696,Merton 008,325,79,1093,280,136694,49552
E02000697,Merton 009,754,298,4445,1760,1105674,650392
E02000698,Merton 010,355,179,725,289,104029,49316
E02000699,Merton 011,283,138,539,198,55515,23511
E02000700,Merton 012,482,172,2191,586,336002,48500
E02000701,Merton 013,234,38,635,97,64340,12412
E02000702,Merton 014,149,29,272,52,29740,3932
E02000703,Merton 015,292,130,686,213,75945,20287
E02000704,Merton 016,488,157,16573,474,1061501,45467
E02000705,Merton 017,234,47,546,100,52290,9756
E02000706,Merton 018,302,43,1097,91,167236,8605
E02000707,Merton 019,136,16,318,21,38839,1412
E02000708,Merton 020,300,106,2622,174,715106,18029
E02000709,Merton 021,188,72,338,102,39999,10483
E02000710,Merton 022,454,74,2538,555,417647,113050
E02000711,Merton 023,579,119,1558,317,179187,39770
E02000712,Merton 024,477,63,1119,122,103606,10901
E02000713,Merton 025,237,41,1048,74,380626,7891
E02000714,Newham 001,243,57,587,80,66127,7459
E02000715,Newham 002,190,23,425,37,47281,3527
E02000716,Newham 003,177,36,497,55,44591,4119
E02000717,Newham 004,353,44,1068,69,99646,6684
E02000718,Newham 005,130,17,340,43,32528,3136
E02000719,Newham 006,217,46,684,76,59877,6401
E02000720,Newham 007,279,52,908,92,89628,9641
E02000721,Newham 008,542,99,1962,193,188475,22816
E02000722,Newham 009,224,55,596,93,56945,7080
E02000723,Newham 010,321,65,1772,122,140601,15345
E02000724,Newham 011,191,37,423,50,40094,5441
E02000725,Newham 012,732,132,12353,754,1146988,61542
E02000726,Newham 013,714,273,5190,794,1268290,82853
E02000727,Newham 014,388,51,1141,89,114857,9851
E02000728,Newham 015,242,52,503,69,56669,6061
E02000729,Newham 016,187,46,374,70,31676,7005
E02000730,Newham 017,319,30,1184,42,171922,3321
E02000731,Newham 018,873,211,3002,330,309239,50365
E02000732,Newham 019,177,38,1164,64,72048,5539
E02000733,Newham 020,198,61,488,84,57273,7583
E02000734,Newham 021,146,27,319,37,34169,4138
E02000735,Newham 022,200,29,546,61,57205,5960
E02000736,Newham 023,166,29,409,50,53601,2993
E02000737,Newham 024,205,30,401,41,45826,2823
E02000738,Newham 025,245,46,695,71,66771,9444
E02000739,Newham 026,197,33,462,74,52061,7115
E02000740,Newham 027,173,38,649,72,81139,6289
E02000741,Newham 028,285,71,654,119,61544,13205
E02000742,Newham 029,168,28,400,35,43262,4947
E02000743,Newham 030,291,53,846,91,85826,9381
E02000744,Newham 031,255,45,543,78,49620,6953
E02000745,Newham 032,196,32,417,53,48627,3762
E02000746,Newham 033,294,60,2948,974,507928,181459
E02000747,Newham 034,442,129,1695,259,351068,34322
E02000748,Newham 035,202,34,956,86,238847,19707
E02000749,Newham 036,203,36,760,108,61168,7160
E02000750,Newham 037,1071,397,4996,946,730773,129223
E02000751,Redbridge 001,427,142,1570,243,222258,22225
E02000752,Redbridge 002,540,106,2356,558,385139,66360
E02000753,Redbridge 003,209,38,482,57,45946,5066
E02000754,Redbridge 004,227,70,604,123,69781,10180
E02000755,Redbridge 005,182,34,568,42,60653,3788
E02000756,Redbridge 006,572,120,2471,227,216102,18922
E02000757,Redbridge 007,579,185,1764,334,235218,105821
E02000758,Redbridge 008,170,40,487,62,53893,7124
E02000759,Redbridge 009,475,134,1270,215,173394,28337
E02000760,Redbridge 010,210,44,1488,68,88656,5880
E02000762,Redbridge 012,274,63,814,143,72835,13815
E02000763,Redbridge 013,224,59,512,99,80142,7873
E02000764,Redbridge 014,574,204,2156,341,188955,37520
E02000765,Redbridge 015,299,74,1117,141,99130,9874
E02000767,Redbridge 017,249,84,1819,123,80866,10366
E02000768,Redbridge 018,157,69,312,106,28374,8812
E02000769,Redbridge 019,423,91,1077,150,95406,13270
E02000770,Redbridge 020,248,58,579,97,54997,6417
E02000772,Redbridge 022,266,63,599,88,64422,7587
E02000773,Redbridge 023,353,110,2307,195,135450,21850
E02000774,Redbridge 024,303,45,811,79,88779,6574
E02000776,Redbridge 026,269,63,951,181,93188,19426
E02000777,Redbridge 027,157,61,347,89,37078,8464
E02000779,Redbridge 029,603,116,2450,257,194567,31603
E02000780,Redbridge 030,921,180,3947,463,431187,46228
E02000781,Redbridge 031,440,81,1071,120,148225,15031
E02000782,Redbridge 032,383,64,1331,105,139823,11920
E02000783,Redbridge 033,198,31,784,70,63878,7225
E02000784,Richmond upon Thames 001,525,264,2559,574,208758,75504
E02000785,Richmond upon Thames 002,550,260,4298,803,443865,156416
E02000786,Richmond upon Thames 003,668,346,1949,898,236226,124492
E02000787,Richmond upon Thames 004,489,257,1685,485,173539,56965
E02000788,Richmond upon Thames 005,593,251,1714,489,171032,53774
E02000789,Richmond upon Thames 006,346,205,1683,1161,413979,332829
E02000790,Richmond upon Thames 007,371,197,976,459,124679,58493
E02000791,Richmond upon Thames 008,999,455,11914,2530,2145082,553873
E02000792,Richmond upon Thames 009,437,243,1149,524,121090,54597
E02000793,Richmond upon Thames 010,320,100,778,160,70557,15334
E02000794,Richmond upon Thames 011,295,136,1583,230,300528,27747
E02000795,Richmond upon Thames 012,336,153,1555,319,123104,28049
E02000796,Richmond upon Thames 013,306,102,778,145,100949,23861
E02000797,Richmond upon Thames 014,589,257,3350,903,829277,205853
E02000798,Richmond upon Thames 015,396,186,1023,362,105826,29431
E02000799,Richmond upon Thames 016,261,129,650,251,68713,31748
E02000800,Richmond upon Thames 017,147,72,261,100,30912,7961
E02000801,Richmond upon Thames 018,452,237,5527,542,376006,47642
E02000802,Richmond upon Thames 019,358,158,1128,351,113333,37139
E02000803,Richmond upon Thames 020,235,108,579,148,41245,13799
E02000804,Richmond upon Thames 021,473,205,5929,4161,965279,562293
E02000805,Richmond upon Thames 022,565,290,1932,568,704673,60185
E02000806,Richmond upon Thames 023,564,237,3890,2126,385879,143364
E02000807,Southwark 001,242,136,452,190,39270,18408
E02000808,Southwark 002,2403,1268,87213,27525,19902780,7032407
E02000809,Southwark 003,1591,788,50659,10026,20000516,10584969
E02000810,Southwark 004,508,219,3295,775,292870,66977
E02000812,Southwark 006,592,251,10181,4641,3984843,626630
E02000813,Southwark 007,662,123,3056,296,672353,26560
E02000814,Southwark 008,333,169,1510,518,80673,28721
E02000815,Southwark 009,265,139,1745,649,161192,92966
E02000816,Southwark 010,243,76,811,208,78593,19836
E02000817,Southwark 011,137,36,677,56,50604,8475
E02000818,Southwark 012,265,84,1325,123,90530,12833
E02000819,Southwark 013,152,38,635,58,75480,4819
E02000820,Southwark 014,257,117,1586,265,71397,23446
E02000821,Southwark 015,175,41,578,85,43772,12485
E02000822,Southwark 016,149,40,355,102,27824,6600
E02000823,Southwark 017,255,76,899,148,92660,17456
E02000824,Southwark 018,275,67,1574,200,193186,23553
E02000825,Southwark 019,124,51,208,67,18316,5212
E02000826,Southwark 020,211,89,564,154,49407,11741
E02000827,Southwark 021,329,114,4631,205,454221,44259
E02000828,Southwark 022,235,69,867,250,69813,15077
E02000829,Southwark 023,298,122,1384,186,98999,14432
E02000830,Southwark 024,364,173,1253,350,80045,29936
E02000831,Southwark 025,497,207,1798,451,132357,44246
E02000832,Southwark 026,256,114,940,211,84102,22382
E02000833,Southwark 027,106,46,264,58,14281,5367
E02000834,Southwark 028,368,186,946,254,80288,26306
E02000835,Southwark 029,228,134,467,227,40639,24685
E02000836,Southwark 030,378,170,1120,263,97586,29318
E02000837,Southwark 031,399,167,1329,374,107332,34718
E02000838,Southwark 032,337,163,669,259,60583,27487
E02000839,Southwark 033,239,114,666,258,108479,75424
E02000840,Sutton 001,146,25,471,38,40213,3340
E02000841,Sutton 002,199,38,519,77,53219,5061
E02000842,Sutton 003,397,85,2176,303,198553,30475
E02000843,Sutton 004,289,88,1279,206,154389,22534
E02000844,Sutton 005,190,41,507,93,60526,14481
E02000845,Sutton 006,327,105,835,169,63652,14396
E02000846,Sutton 007,209,68,493,115,50958,19937
E02000847,Sutton 008,297,95,681,190,69852,22452
E02000848,Sutton 009,267,61,857,109,67965,7849
E02000849,Sutton 010,169,35,864,52,70618,4137
E02000850,Sutton 011,359,69,5791,716,478266,157853
E02000851,Sutton 012,475,115,5910,615,625548,71780
E02000852,Sutton 013,241,60,1357,95,94586,8202
E02000853,Sutton 014,194,57,508,81,65619,6886
E02000854,Sutton 015,285,100,980,197,75171,20331
E02000855,Sutton 016,329,102,1148,224,180216,25974
E02000856,Sutton 017,336,104,1465,360,162888,60465
E02000857,Sutton 018,246,100,847,162,79854,13892
E02000858,Sutton 019,213,57,1303,146,83561,12108
E02000859,Sutton 020,217,73,656,106,48983,10589
E02000860,Sutton 021,192,74,3164,2651,995327,956125
E02000861,Sutton 022,304,132,773,225,80111,20776
E02000863,Sutton 024,220,79,679,125,67072,12362
E02000864,Tower Hamlets 001,462,218,1894,751,185656,56105
E02000865,Tower Hamlets 002,302,126,1783,669,161965,75190
E02000866,Tower Hamlets 003,306,142,804,268,69685,25874
E02000867,Tower Hamlets 004,415,222,1402,399,90189,36827
E02000868,Tower Hamlets 005,399,201,1708,624,307580,63619
E02000869,Tower Hamlets 006,346,173,1172,485,170105,94006
E02000870,Tower Hamlets 007,183,65,906,119,83100,10433
E02000871,Tower Hamlets 008,242,76,811,177,130820,24522
E02000872,Tower Hamlets 009,442,147,2856,734,435375,97683
E02000873,Tower Hamlets 010,181,90,489,180,43011,11119
E02000874,Tower Hamlets 011,369,228,1304,521,112891,45702
E02000875,Tower Hamlets 012,259,69,850,100,133625,11268
E02000876,Tower Hamlets 013,407,90,1538,268,161249,24475
E02000877,Tower Hamlets 014,325,97,895,142,73917,12469
E02000878,Tower Hamlets 015,1513,566,49596,12510,12331394,8059176
E02000879,Tower Hamlets 016,351,116,991,238,97298,23641
E02000880,Tower Hamlets 017,283,64,1496,275,257868,37698
E02000881,Tower Hamlets 018,194,83,527,179,55247,16018
E02000882,Tower Hamlets 019,168,51,591,86,45994,9182
E02000883,Tower Hamlets 020,191,33,533,52,40287,5008
E02000884,Tower Hamlets 021,1226,374,15320,6929,2548614,1289505
E02000885,Tower Hamlets 022,169,36,610,95,73258,13146
E02000886,Tower Hamlets 023,274,122,776,197,68157,16958
E02000887,Tower Hamlets 024,148,37,1185,47,121627,3935
E02000888,Tower Hamlets 025,262,104,851,229,62464,19728
E02000889,Tower Hamlets 026,297,129,2941,1101,1571960,909440
E02000890,Tower Hamlets 027,572,275,11742,3277,2556499,1062158
E02000891,Tower Hamlets 028,912,402,25383,4764,6986838,2297327
E02000893,Tower Hamlets 030,177,83,482,178,40593,10138
E02000894,Tower Hamlets 031,326,146,666,230,69609,22685
E02000895,Waltham Forest 001,217,55,415,84,40320,5715
E02000896,Waltham Forest 002,440,116,1551,211,135669,17781
E02000897,Waltham Forest 003,216,50,494,84,63878,8703
E02000898,Waltham Forest 004,180,52,435,80,42449,7722
E02000899,Waltham Forest 005,358,47,910,95,85497,8217
E02000900,Waltham Forest 006,277,38,1119,87,142045,9494
E02000901,Waltham Forest 007,386,128,6120,346,279533,34172
E02000902,Waltham Forest 008,261,83,509,123,57308,10320
E02000903,Waltham Forest 009,306,61,688,81,71795,7173
E02000904,Waltham Forest 010,318,88,1038,153,170079,13158
E02000905,Waltham Forest 011,327,94,1034,165,96100,20956
E02000906,Waltham Forest 012,331,92,860,278,108783,32645
E02000907,Waltham Forest 013,273,86,738,141,66924,13364
E02000908,Waltham Forest 014,510,199,2311,358,253498,37986
E02000909,Waltham Forest 015,349,151,1252,327,129266,31447
E02000910,Waltham Forest 016,463,156,1321,281,175181,28358
E02000911,Waltham Forest 017,581,128,1885,220,200513,19887
E02000912,Waltham Forest 018,231,84,552,137,46123,14232
E02000913,Waltham Forest 019,275,79,856,98,71622,11626
E02000914,Waltham Forest 020,415,84,1345,171,119381,20540
E02000915,Waltham Forest 021,277,94,1143,128,203706,12544
E02000916,Waltham Forest 022,717,152,3713,388,735589,37874
E02000917,Waltham Forest 023,359,94,951,124,109656,12685
E02000918,Waltham Forest 024,491,123,1623,201,236539,52759
E02000919,Waltham Forest 025,320,90,739,125,70493,10449
E02000920,Waltham Forest 026,598,114,3297,235,611231,24056
E02000921,Waltham Forest 027,334,66,877,91,131490,7349
E02000922,Waltham Forest 028,364,97,793,154,77169,12974
E02000923,Wandsworth 001,391,175,3991,2133,512478,291832
E02000924,Wandsworth 002,951,311,10396,1348,1424524,161740
E02000925,Wandsworth 003,210,66,581,97,74201,10458
E02000926,Wandsworth 004,670,288,3917,722,1097499,86657
E02000927,Wandsworth 005,265,102,850,149,79622,15774
E02000928,Wandsworth 006,417,205,1276,399,158255,56748
E02000929,Wandsworth 007,104,27,291,30,40198,2136
E02000930,Wandsworth 008,449,158,2290,542,186507,43156
E02000931,Wandsworth 009,301,142,723,238,74230,25003
E02000932,Wandsworth 010,971,409,10329,1527,1155979,360289
E02000933,Wandsworth 011,373,170,20259,498,1005264,49830
E02000934,Wandsworth 012,397,179,2896,406,356592,111182
E02000935,Wandsworth 013,124,43,1063,72,117579,5461
E02000936,Wandsworth 014,346,196,940,512,97364,54240
E02000937,Wandsworth 015,364,185,932,304,115848,40334
E02000938,Wandsworth 016,245,106,437,168,52145,23585
E02000939,Wandsworth 017,315,162,634,313,71630,32152
E02000940,Wandsworth 018,367,152,2082,465,341340,77327
E02000941,Wandsworth 019,438,186,1745,283,177880,30268
E02000942,Wandsworth 020,391,205,1175,399,121073,66094
E02000943,Wandsworth 021,446,164,2840,408,233951,43819
E02000944,Wandsworth 022,140,51,262,80,26320,6932
E02000945,Wandsworth 023,167,41,400,73,33770,4943
E02000946,Wandsworth 024,343,128,1279,273,142802,29884
E02000947,Wandsworth 025,349,150,2005,595,308793,123264
E02000948,Wandsworth 026,229,130,492,206,56987,16739
E02000949,Wandsworth 027,383,180,1231,287,114674,30404
E02000950,Wandsworth 028,190,81,30948,332,8314075,85230
E02000951,Wandsworth 029,249,90,761,150,64305,16889
E02000952,Wandsworth 030,183,81,447,124,35607,11809
E02000953,Wandsworth 031,289,100,1045,281,123761,36141
E02000954,Wandsworth 032,193,58,548,78,48696,8423
E02000955,Wandsworth 033,206,61,516,78,54549,7854
E02000956,Wandsworth 034,211,61,633,152,65222,31660
E02000957,Wandsworth 035,438,117,1669,392,174872,24858
E02000958,Wandsworth 036,197,84,493,190,46392,18117
E02000959,Wandsworth 037,194,62,400,92,43365,9026
E02000960,Westminster 001,288,100,1643,175,283180,17506
E02000961,Westminster 002,374,145,1028,248,146793,28458
E02000962,Westminster 003,274,97,2320,166,415048,16057
E02000963,Westminster 004,271,106,578,133,61157,16145
E02000964,Westminster 005,398,148,1097,244,86393,19930
E02000965,Westminster 006,381,146,1540,545,147767,68077
E02000966,Westminster 007,494,231,2082,852,224858,109314
E02000967,Westminster 008,874,456,6060,1918,752046,430875
E02000968,Westminster 009,571,150,2651,645,304563,61995
E02000969,Westminster 010,255,99,2400,692,238251,69623
E02000970,Westminster 011,3561,1561,56422,15226,11875351,4412991
E02000971,Westminster 012,1503,567,17809,4153,2124175,850255
E02000972,Westminster 013,13992,7506,199893,63594,110915986,35411276
E02000973,Westminster 014,574,255,2408,704,270998,97973
E02000974,Westminster 015,931,333,77701,5362,23264787,5818586
E02000975,Westminster 016,735,344,9297,5384,6221790,5635363
E02000976,Westminster 017,490,160,2437,539,350159,70824
E02000977,Westminster 018,9879,4198,187190,64766,97019870,24105503
E02000978,Westminster 019,1018,312,18875,3635,7046697,703305
E02000979,Westminster 020,1655,697,170246,14186,34627309,5283093
E02000980,Westminster 021,420,164,9814,2704,3149490,176263
E02000981,Westminster 022,561,198,2999,587,452856,241189
E02000982,Westminster 023,964,441,19598,10615,49987981,4064208
E02000983,Westminster 024,216,77,499,118,63586,20325
E02006782,Bromley 040,197,61,1098,95,52463,7244
E02006783,Lewisham 037,148,23,355,34,35700,2147
E02006784,Lewisham 038,191,35,472,50,47734,2908
E02006785,Bexley 029,122,24,250,37,21154,3954
E02006786,Greenwich 033,152,32,348,53,31524,4548
E02006787,Bromley 041,274,86,926,156,104088,20064
E02006788,Croydon 045,127,41,334,94,30539,10848
E02006789,Bromley 042,345,71,2331,215,604950,69668
E02006791,Ealing 040,326,170,1121,526,137457,61010
E02006792,Hounslow 029,1183,547,41532,20822,14742545,9881277
E02006793,Enfield 037,296,36,2005,91,177457,5543
E02006794,Haringey 037,310,41,1747,97,402957,14466
E02006795,Harrow 032,309,91,1067,138,99960,16906
E02006796,Hillingdon 033,456,113,4428,642,1306483,261364
E02006798,Lewisham 039,398,118,1581,294,110996,26483
E02006799,Barking and Dagenham 023,417,57,1653,114,243667,10775
E02006800,Redbridge 034,595,137,2109,241,253136,21668
E02006801,Lambeth 036,880,375,18246,8172,5919628,3498987
E02006802,Southwark 034,461,249,10447,3887,1159701,545142
E02006836,Sutton 025,316,135,817,221,83831,22619
E02006853,Tower Hamlets 032,543,229,2065,726,337086,102632
E02006854,Tower Hamlets 033,1492,688,44822,22013,34224139,9715746
E02006882,Harrow 033,629,141,2744,400,299648,37814
E02006918,Hackney 028,292,101,802,140,90081,11406
E02006921,Hackney 029,148,44,466,70,67804,26892
E02006924,Redbridge 035,482,119,1439,274,160205,32737
E02006925,Redbridge 036,613,191,2939,469,471067,46495
E02006927,Greenwich 034,303,117,654,176,59030,15104
E02006928,Greenwich 035,478,184,2962,642,266002,42126
E02006929,Greenwich 036,582,259,4410,1019,565277,149092
E02006930,Greenwich 037,395,150,1464,656,283600,212658
E02006931,Greenwich 038,441,180,2438,960,131855,41496