"date","n","avg"
2016-12-28,1826,260.857142857143
2016-12-29,1177,429
2016-12-30,908,558.714285714286
2016-12-31,5,559.428571428571
2017-01-01,34,564.285714285714
2017-01-02,2,564.571428571429
2017-01-03,1979,847.285714285714
2017-01-04,2525,947.142857142857
2017-01-05,2485,1134
2017-01-06,2032,1294.57142857143
2017-01-08,12,1290.71428571429
2017-01-09,2653,1669.42857142857
2017-01-10,2746,1779
2017-01-11,2761,1812.71428571429
2017-01-12,2534,1819.71428571429
2017-01-13,2261,1852.42857142857
2017-01-15,2,1851
2017-01-16,2688,1856
2017-01-17,2905,1878.71428571429
2017-01-18,2604,1856.28571428571
2017-01-19,2549,1858.42857142857
2017-01-20,1917,1809.28571428571
2017-01-23,3706,1954.42857142857
2017-01-24,3069,1977.85714285714
2017-01-25,2716,1993.85714285714
2017-01-26,2277,1955
2017-01-27,2397,2023.57142857143
2017-01-29,5,2024.28571428571
2017-01-30,3240,1957.71428571429
2017-01-31,2343,1854
2017-02-01,2533,1827.85714285714
2017-02-02,2445,1851.85714285714
2017-02-03,2554,1874.28571428571
2017-02-06,3451,1903.71428571429
2017-02-07,3269,2036
2017-02-08,2794,2073.28571428571
2017-02-09,2735,2114.71428571429
2017-02-10,2395,2092
2017-02-13,3286,2068.42857142857
2017-02-14,2705,1987.85714285714
2017-02-15,2610,1961.57142857143
2017-02-16,2665,1951.57142857143
2017-02-17,2544,1972.85714285714
2017-02-20,2734,1894
2017-02-21,2555,1872.57142857143
2017-02-22,2597,1870.71428571429
2017-02-23,2856,1898
2017-02-24,2348,1870
2017-02-25,896,1998
2017-02-27,2245,1928.14285714286
2017-02-28,2686,1946.85714285714
2017-03-01,2559,1941.42857142857
2017-03-02,3111,1977.85714285714
2017-03-03,2271,1966.85714285714
2017-03-04,1005,1982.42857142857
2017-03-06,2612,2034.85714285714
2017-03-07,3178,2105.14285714286
2017-03-08,2698,2125
2017-03-09,2718,2068.85714285714
2017-03-10,2468,2097
2017-03-11,23,1956.71428571429
2017-03-13,2861,1992.28571428571
2017-03-14,3071,1977
2017-03-15,2748,1984.14285714286
2017-03-16,2550,1960.14285714286
2017-03-17,2569,1974.57142857143
2017-03-18,6,1972.14285714286
2017-03-20,2890,1976.28571428571
2017-03-21,3119,1983.14285714286
2017-03-22,2587,1960.14285714286
2017-03-23,2844,2002.14285714286
2017-03-24,2274,1960
2017-03-25,382,2013.71428571429
2017-03-27,2600,1972.28571428571
2017-03-28,2903,1941.42857142857
2017-03-29,2264,1895.28571428571
2017-03-30,2964,1912.42857142857
2017-03-31,2537,1950
2017-04-01,31,1899.85714285714
2017-04-03,3708,2058.14285714286
2017-04-04,3380,2126.28571428571
2017-04-05,2386,2143.71428571429
2017-04-06,2708,2107.14285714286
2017-04-07,2330,2077.57142857143
2017-04-08,1491,2286.14285714286
2017-04-10,2092,2055.28571428571
2017-04-11,2352,1908.42857142857
2017-04-12,2146,1874.14285714286
2017-04-13,3206,1945.28571428571
2017-04-15,1,1399.57142857143
2017-04-16,1,1399.71428571429
2017-04-17,16,1103.14285714286
2017-04-18,2110,1068.57142857143
2017-04-19,2853,1169.57142857143
2017-04-20,2404,1055
2017-04-21,2535,1417.14285714286
2017-04-22,8,1418.14285714286
2017-04-24,3146,1865.14285714286
2017-04-25,2749,1956.42857142857
2017-04-26,2104,1849.42857142857
2017-04-27,2590,1876
2017-04-28,2283,1840
2017-04-29,4,1839.42857142857
2017-05-01,22,1393.14285714286
2017-05-02,3210,1459
2017-05-03,3067,1596.57142857143
2017-05-04,2049,1519.28571428571
2017-05-05,2613,1566.42857142857
2017-05-06,129,1584.28571428571
2017-05-08,2862,1990
2017-05-09,2511,1890.14285714286
2017-05-10,2408,1796
2017-05-11,2505,1861.14285714286
2017-05-12,2452,1838.14285714286
2017-05-13,863,1943
2017-05-15,2251,1855.71428571429
2017-05-16,2518,1856.71428571429
2017-05-17,2442,1861.57142857143
2017-05-18,2546,1867.42857142857
2017-05-19,2381,1857.28571428571
2017-05-20,1143,1897.28571428571
2017-05-22,1965,1856.42857142857
2017-05-23,2566,1863.28571428571
2017-05-24,2467,1866.85714285714
2017-05-25,2492,1859.14285714286
2017-05-26,2443,1868
2017-05-27,16,1707
2017-05-29,1,1426.42857142857
2017-05-30,2464,1411.85714285714
2017-05-31,2288,1386.28571428571
2017-06-01,2409,1374.42857142857
2017-06-02,2378,1365.14285714286
2017-06-03,12,1364.57142857143
2017-06-05,2864,1773.57142857143
2017-06-06,2453,1772
2017-06-07,2502,1802.57142857143
2017-06-08,2313,1788.85714285714
2017-06-09,2252,1770.85714285714
2017-06-10,1,1769.28571428571
2017-06-11,177,1794.57142857143
2017-06-12,2499,1742.42857142857
2017-06-13,2360,1729.14285714286
2017-06-14,2466,1724
2017-06-15,2286,1720.14285714286
2017-06-16,2640,1775.57142857143
2017-06-17,11,1777
2017-06-19,2121,1697.71428571429
2017-06-20,2196,1674.28571428571
2017-06-21,2265,1645.57142857143
2017-06-22,2433,1666.57142857143
2017-06-23,2824,1692.85714285714
2017-06-25,1,1691.42857142857
2017-06-26,1566,1612.14285714286
2017-06-27,2480,1652.71428571429
2017-06-28,2614,1702.57142857143
2017-06-29,2153,1662.57142857143
2017-06-30,2836,1664.28571428571
2017-07-01,18,1666.85714285714
2017-07-03,2603,1814.85714285714
2017-07-04,2280,1786.28571428571
2017-07-05,2536,1775.14285714286
2017-07-06,2304,1796.71428571429
2017-07-07,2461,1743.14285714286
2017-07-10,2540,1731.57142857143
2017-07-11,2421,1751.71428571429
2017-07-12,2411,1733.85714285714
2017-07-13,2147,1711.42857142857
2017-07-14,2074,1656.14285714286
2017-07-15,1,1656.28571428571
2017-07-17,3002,1722.28571428571
2017-07-18,2651,1755.14285714286
2017-07-19,2434,1758.42857142857
2017-07-20,2148,1758.57142857143
2017-07-21,2307,1791.85714285714
2017-07-22,7,1792.71428571429
2017-07-24,2552,1728.42857142857
2017-07-25,2518,1709.42857142857
2017-07-26,2231,1680.42857142857
2017-07-27,2094,1672.71428571429
2017-07-28,2246,1664
2017-07-30,1,1663.14285714286
2017-07-31,2849,1705.57142857143
2017-08-01,2359,1682.85714285714
2017-08-02,2511,1722.85714285714
2017-08-03,2527,1784.71428571429
2017-08-04,2345,1798.85714285714
2017-08-07,2420,1737.42857142857
2017-08-08,2599,1771.71428571429
2017-08-09,2531,1774.57142857143
2017-08-10,2295,1741.42857142857
2017-08-11,2400,1749.28571428571
2017-08-14,2983,1829.71428571429
2017-08-15,2319,1789.71428571429
2017-08-16,2409,1772.28571428571
2017-08-17,2069,1740
2017-08-18,2402,1740.28571428571
2017-08-19,1,1740.42857142857
2017-08-21,2546,1678
2017-08-22,2466,1699
2017-08-23,2404,1698.28571428571
2017-08-24,2122,1705.85714285714
2017-08-25,2124,1666.14285714286
2017-08-28,3,1302.71428571429
2017-08-29,2682,1333.57142857143
2017-08-30,2708,1377
2017-08-31,2452,1424.14285714286
2017-09-01,2029,1410.57142857143
2017-09-02,35,1415.57142857143
2017-09-03,1,1415.71428571429
2017-09-04,2834,1820.14285714286
2017-09-05,2254,1759
2017-09-06,2347,1707.42857142857
2017-09-07,2334,1690.57142857143
2017-09-08,2884,1812.71428571429
2017-09-11,2877,1813.71428571429
2017-09-12,2438,1840
2017-09-13,2497,1861.42857142857
2017-09-14,2990,1955.14285714286
2017-09-15,2256,1865.42857142857
2017-09-17,1,1865.57142857143
2017-09-18,2748,1847.14285714286
2017-09-19,2623,1873.57142857143
2017-09-20,2454,1867.42857142857
2017-09-21,2272,1764.85714285714
2017-09-22,2315,1773.28571428571
2017-09-23,644,1865.28571428571
2017-09-24,1,1865.28571428571
2017-09-25,2492,1828.71428571429
2017-09-26,2313,1784.42857142857
2017-09-27,2567,1800.57142857143
2017-09-28,2129,1780.14285714286
2017-09-29,2391,1791
2017-09-30,158,1721.57142857143
2017-10-01,17,1723.85714285714
2017-10-02,2327,1700.28571428571
2017-10-03,3001,1798.57142857143
2017-10-04,2750,1824.71428571429
2017-10-05,2410,1864.85714285714
2017-10-06,2319,1854.57142857143
2017-10-08,1,1829.71428571429
2017-10-09,2612,1870.42857142857
2017-10-10,2866,1851.14285714286
2017-10-11,2483,1813
2017-10-12,2658,1848.42857142857
2017-10-13,2221,1834.42857142857
2017-10-15,2,1834.57142857143
2017-10-16,2500,1818.57142857143
2017-10-17,3096,1851.42857142857
2017-10-18,2552,1861.28571428571
2017-10-19,2329,1814.28571428571
2017-10-20,2419,1842.57142857143
2017-10-21,1,1842.71428571429
2017-10-23,2807,1886.28571428571
2017-10-24,2485,1799
2017-10-25,2702,1820.42857142857
2017-10-26,2369,1826.14285714286
2017-10-27,2191,1793.57142857143
2017-10-30,2491,1748.28571428571
2017-10-31,2346,1728.42857142857
2017-11-01,2422,1688.42857142857
2017-11-02,2243,1670.42857142857
2017-11-03,2372,1696.28571428571
2017-11-06,2949,1761.71428571429
2017-11-07,2601,1798.14285714286
2017-11-08,2576,1820.14285714286
2017-11-09,2499,1856.71428571429
2017-11-10,2215,1834.28571428571
2017-11-13,2595,1783.71428571429
2017-11-14,2691,1796.57142857143
2017-11-15,2476,1782.28571428571
2017-11-16,2130,1729.57142857143
2017-11-17,2456,1764
2017-11-20,2770,1789
2017-11-21,2680,1787.42857142857
2017-11-22,2370,1772.28571428571
2017-11-23,2897,1881.85714285714
2017-11-24,1947,1809.14285714286
2017-11-27,2370,1752
2017-11-28,2598,1740.28571428571
2017-11-29,2180,1713.14285714286
2017-11-30,2140,1605
2017-12-01,2147,1633.57142857143
2017-12-04,3071,1733.71428571429
2017-12-05,2532,1724.28571428571
2017-12-06,2622,1787.42857142857
2017-12-07,2269,1805.85714285714
2017-12-08,2008,1786
2017-12-09,24,1789.42857142857
2017-12-10,1,1789.57142857143
2017-12-11,2461,1702.42857142857
2017-12-12,2339,1674.85714285714
2017-12-13,2208,1615.71428571429
2017-12-14,2129,1595.71428571429
2017-12-15,1970,1590.28571428571
2017-12-17,1,1586.85714285714
2017-12-18,2285,1561.71428571429
2017-12-19,2153,1535.14285714286
2017-12-20,2108,1520.85714285714
2017-12-21,1690,1458.14285714286
2017-12-22,2300,1505.28571428571
2017-12-27,1630,802.857142857143
2017-12-28,1270,742.857142857143
2017-12-29,1034,562
2017-12-31,2,562.285714285714
2018-01-01,66,571.714285714286
2018-01-02,1988,855.714285714286
2018-01-03,2408,966.857142857143
2018-01-04,2079,1082.42857142857
2018-01-05,2150,1241.85714285714
2018-01-06,7,1242.85714285714
2018-01-07,1,1242.71428571429
2018-01-08,3097,1675.71428571429
2018-01-09,2594,1762.28571428571
2018-01-10,2586,1787.71428571429
2018-01-11,2510,1849.28571428571
2018-01-12,1971,1823.71428571429
2018-01-14,1,1822.71428571429
2018-01-15,3297,1851.28571428571
2018-01-16,2676,1863
2018-01-17,2760,1887.85714285714
2018-01-18,2134,1834.14285714286
2018-01-19,2520,1912.57142857143
2018-01-20,1,1912.71428571429
2018-01-22,3913,2000.57142857143
2018-01-23,2657,1997.85714285714
2018-01-24,2240,1923.57142857143
2018-01-25,2378,1958.42857142857
2018-01-26,2484,1953.28571428571
2018-01-29,3245,1857.71428571429
2018-01-30,2833,1882.85714285714
2018-01-31,2458,1914
2018-02-01,2391,1915.85714285714
2018-02-02,2225,1878.85714285714
2018-02-05,3530,1919.57142857143
2018-02-06,2980,1940.57142857143
2018-02-07,3029,2022.14285714286
2018-02-08,2572,2048
2018-02-09,2172,2040.42857142857
2018-02-10,67,2050
2018-02-11,2,2050.28571428571
2018-02-12,3517,2048.42857142857
2018-02-13,2898,2036.71428571429
2018-02-14,2738,1995.14285714286
2018-02-15,2385,1968.42857142857
2018-02-16,2185,1970.28571428571
2018-02-17,2,1961
2018-02-19,3185,1913.28571428571
2018-02-20,2257,1821.71428571429
2018-02-21,2882,1842.28571428571
2018-02-22,2641,1878.85714285714
2018-02-23,2560,1932.42857142857
2018-02-25,2,1932.42857142857
2018-02-26,3074,1916.57142857143
2018-02-27,2626,1969.28571428571
2018-02-28,2605,1929.71428571429
2018-03-01,554,1631.57142857143
2018-03-02,306,1309.57142857143
2018-03-05,3985,1439.42857142857
2018-03-06,3140,1512.85714285714
2018-03-07,2904,1555.57142857143
2018-03-08,2557,1841.71428571429
2018-03-09,3027,2230.42857142857
2018-03-10,1952,2509.28571428571
2018-03-11,1275,2691.42857142857
2018-03-12,1892,2392.42857142857
2018-03-13,2651,2322.57142857143
2018-03-14,2634,2284
2018-03-15,2686,2302.42857142857
2018-03-16,2735,2260.71428571429
2018-03-17,1,1982
2018-03-19,2731,1919.71428571429
2018-03-20,2947,1962
2018-03-21,2813,1987.57142857143
2018-03-22,2905,2018.85714285714
2018-03-23,2451,1978.28571428571
2018-03-24,168,2002.14285714286
2018-03-26,3111,2056.42857142857
2018-03-27,3057,2072.14285714286
2018-03-28,2920,2087.42857142857
2018-03-29,3110,2116.71428571429
2018-03-30,181,1792.42857142857
2018-03-31,171,1792.85714285714
2018-04-01,21,1795.85714285714
2018-04-03,3680,1440.42857142857
2018-04-04,3662,1546.42857142857
2018-04-05,3323,1576.85714285714
2018-04-06,2343,1885.71428571429
2018-04-07,1115,2020.57142857143
2018-04-09,2108,2318.71428571429
2018-04-10,2886,2205.28571428571
2018-04-11,2813,2084
2018-04-12,2497,1966
2018-04-13,2421,1977.14285714286
2018-04-14,2,1818.14285714286
2018-04-15,1,1818.28571428571
2018-04-16,2895,1930.71428571429
2018-04-17,3023,1950.28571428571
2018-04-18,2680,1931.28571428571
2018-04-19,2403,1917.85714285714
2018-04-20,2243,1892.42857142857
2018-04-23,2962,1901.57142857143
2018-04-24,2616,1843.42857142857
2018-04-25,2828,1864.57142857143
2018-04-26,2449,1871.14285714286
2018-04-27,2496,1907.28571428571
2018-04-28,1190,2077.28571428571
2018-04-29,1,2077.42857142857
2018-04-30,2403,1997.57142857143
2018-05-01,2858,2032.14285714286
2018-05-02,2678,2010.71428571429
2018-05-03,2624,2035.71428571429
2018-05-04,2668,2060.28571428571
2018-05-06,235,1923.71428571429
2018-05-07,230,1613.28571428571
2018-05-08,2685,1588.57142857143
2018-05-09,2635,1582.42857142857
2018-05-10,2555,1572.57142857143
2018-05-11,2532,1553.14285714286
2018-05-12,1201,1724.71428571429
2018-05-14,2610,2031.14285714286
2018-05-15,2729,2037.42857142857
2018-05-16,3271,2128.28571428571
2018-05-17,2795,2162.57142857143
2018-05-18,2233,2119.85714285714
2018-05-19,17,1950.71428571429
2018-05-20,2,1951
2018-05-21,3098,2020.71428571429
2018-05-22,2798,2030.57142857143
2018-05-23,2429,1910.28571428571
2018-05-24,3013,1941.42857142857
2018-05-25,2406,1966.14285714286
2018-05-26,1512,2179.71428571429
2018-05-28,2,1737.14285714286
2018-05-29,1889,1607.28571428571
2018-05-30,2729,1650.14285714286
2018-05-31,2328,1552.28571428571
2018-06-01,2481,1563
2018-06-04,3330,1822.42857142857
2018-06-05,2699,1938.14285714286
2018-06-06,2389,1889.57142857143
2018-06-07,2720,1945.57142857143
2018-06-08,2595,1961.85714285714
2018-06-11,3186,1941.28571428571
2018-06-12,2307,1885.28571428571
2018-06-13,2937,1963.57142857143
2018-06-14,2547,1938.85714285714
2018-06-15,2053,1861.42857142857
2018-06-16,58,1869.71428571429
2018-06-18,2826,1818.28571428571
2018-06-19,2307,1818.28571428571
2018-06-20,2232,1717.57142857143
2018-06-21,2638,1730.57142857143
2018-06-22,2142,1743.28571428571
2018-06-23,9,1736.28571428571
2018-06-24,1,1736.42857142857
2018-06-25,3083,1773.14285714286
2018-06-26,2193,1756.85714285714
2018-06-27,2328,1770.57142857143
2018-06-28,2939,1813.57142857143
2018-06-29,2339,1841.71428571429
2018-07-01,22,1843.42857142857
2018-07-02,2736,1793.85714285714
2018-07-03,2707,1867.28571428571
2018-07-04,2396,1877
2018-07-05,2525,1817.85714285714
2018-07-06,2144,1790
2018-07-09,2801,1796.14285714286
2018-07-10,2422,1755.42857142857
2018-07-11,2460,1764.57142857143
2018-07-12,2020,1692.42857142857
2018-07-13,2217,1702.85714285714
2018-07-16,2850,1709.85714285714
2018-07-17,2412,1708.42857142857
2018-07-18,2753,1750.28571428571
2018-07-19,2456,1812.57142857143
2018-07-20,2317,1826.85714285714
2018-07-22,328,1873.71428571429
2018-07-23,3019,1897.85714285714
2018-07-24,2327,1885.71428571429
2018-07-25,2798,1892.14285714286
2018-07-26,2175,1852
2018-07-27,2297,1849.14285714286
2018-07-30,2795,1770.28571428571
2018-07-31,2416,1783
2018-08-01,2580,1751.85714285714
2018-08-02,2460,1792.57142857143
2018-08-03,2419,1810
2018-08-04,3,1810.42857142857
2018-08-06,2536,1773.42857142857
2018-08-07,2377,1767.85714285714
2018-08-08,2907,1814.57142857143
2018-08-09,2619,1837.28571428571
2018-08-10,2461,1843.28571428571
2018-08-13,2913,1896.71428571429
2018-08-14,2831,1961.57142857143
2018-08-15,2477,1900.14285714286
2018-08-16,2265,1849.57142857143
2018-08-17,2471,1851
2018-08-20,3755,1971.28571428571
2018-08-21,2687,1950.71428571429
2018-08-22,2323,1928.71428571429
2018-08-23,2264,1928.57142857143
2018-08-24,1883,1844.57142857143
2018-08-25,1859,2110.14285714286
2018-08-27,4,1574.28571428571
2018-08-28,2614,1563.85714285714
2018-08-29,2126,1535.71428571429
2018-08-30,2234,1531.42857142857
2018-08-31,2253,1584.28571428571
2018-09-01,1256,1498.14285714286
2018-09-03,2889,1910.28571428571
2018-09-04,2722,1925.71428571429
2018-09-05,2220,1939.14285714286
2018-09-06,2535,1982.14285714286
2018-09-07,2057,1954.14285714286
2018-09-08,117,1791.42857142857
2018-09-10,2935,1798
2018-09-11,2516,1768.57142857143
2018-09-12,2037,1742.42857142857
2018-09-13,2407,1724.14285714286
2018-09-14,2611,1803.28571428571
2018-09-15,2,1786.85714285714
2018-09-16,1,1787
2018-09-17,2926,1785.71428571429
2018-09-18,2662,1806.57142857143
2018-09-19,2498,1872.42857142857
2018-09-20,2596,1899.42857142857
2018-09-21,2654,1905.57142857143
2018-09-24,3230,1948.57142857143
2018-09-25,2491,1924.14285714286
2018-09-26,2583,1936.28571428571
2018-09-27,2196,1879.14285714286
2018-09-28,2345,1835
2018-09-29,1134,1997
2018-10-01,2551,1900
2018-10-02,2521,1904.28571428571
2018-10-03,2930,1953.85714285714
2018-10-04,2672,2021.85714285714
2018-10-05,2049,1979.57142857143
2018-10-06,136,1837
2018-10-07,268,1875.28571428571
2018-10-08,3248,1974.85714285714
2018-10-09,2532,1976.42857142857
2018-10-10,2909,1973.42857142857
2018-10-11,2544,1955.14285714286
2018-10-12,2454,2013
2018-10-13,1,1993.71428571429
2018-10-14,1055,2106.14285714286
2018-10-15,2451,1992.28571428571
2018-10-16,2469,1983.28571428571
2018-10-17,2440,1916.28571428571
2018-10-18,2355,1889.28571428571
2018-10-19,2299,1867.14285714286
2018-10-20,2,1867.28571428571
2018-10-21,179,1742.14285714286
2018-10-22,3194,1848.28571428571
2018-10-23,2983,1921.71428571429
2018-10-24,2394,1915.14285714286
2018-10-25,2578,1947
2018-10-26,2365,1956.42857142857
2018-10-29,3048,1909.71428571429
2018-10-30,2581,1852.28571428571
2018-10-31,2370,1848.85714285714
2018-11-01,2446,1830
2018-11-02,2336,1825.85714285714
2018-11-03,21,1828.85714285714
2018-11-05,3406,1880
2018-11-06,3148,1961
2018-11-07,2671,2004
2018-11-08,2519,2014.42857142857
2018-11-09,2501,2038
2018-11-10,1,2035.14285714286
2018-11-12,2907,1963.85714285714
2018-11-13,2632,1890.14285714286
2018-11-14,2547,1872.42857142857
2018-11-15,2542,1875.71428571429
2018-11-16,2559,1884
2018-11-17,2,1884.14285714286
2018-11-19,3041,1903.28571428571
2018-11-20,2577,1895.42857142857
2018-11-21,2603,1903.42857142857
2018-11-22,2423,1886.42857142857
2018-11-23,2256,1843.14285714286
2018-11-24,3,1843.28571428571
2018-11-26,3097,1851.28571428571
2018-11-27,2489,1838.71428571429
2018-11-28,2559,1832.42857142857
2018-11-29,2336,1820
2018-11-30,2156,1805.71428571429
2018-12-01,73,1815.71428571429
2018-12-03,2934,1792.42857142857
2018-12-04,2567,1803.57142857143
2018-12-05,2544,1801.42857142857
2018-12-06,2204,1782.57142857143
2018-12-07,2272,1799.14285714286
2018-12-08,1,1788.85714285714
2018-12-10,2797,1769.28571428571
2018-12-11,2330,1735.42857142857
2018-12-12,2290,1699.14285714286
2018-12-13,1722,1630.28571428571
2018-12-14,2631,1681.57142857143
2018-12-17,2523,1642.28571428571
2018-12-18,2198,1623.42857142857
2018-12-19,2559,1661.85714285714
2018-12-20,1984,1699.28571428571
2018-12-21,2089,1621.85714285714
2018-12-24,2064,1556.28571428571
2018-12-26,1,876.857142857143
2018-12-27,1317,781.571428571429
2018-12-28,1164,649.428571428571
2018-12-31,2039,645.857142857143
2019-01-01,62,654.714285714286
2019-01-02,1763,906.428571428571
2019-01-03,1682,958.571428571429
2019-01-04,2476,1146
2019-01-05,1,1146.14285714286
2019-01-07,3075,1294.14285714286
2019-01-08,2869,1695.14285714286
2019-01-09,2257,1765.71428571429
2019-01-10,2378,1865.14285714286
2019-01-11,2289,1838.42857142857
2019-01-13,1,1838.42857142857
2019-01-14,3498,1898.85714285714
2019-01-15,2772,1885
2019-01-16,3133,2010.14285714286
2019-01-17,2650,2049
2019-01-18,2431,2069.28571428571
2019-01-21,3066,2007.42857142857
2019-01-22,2749,2004.14285714286
2019-01-23,2713,1944.14285714286
2019-01-24,2573,1933.14285714286
2019-01-25,2428,1932.71428571429
2019-01-28,4383,2120.85714285714
2019-01-29,2823,2131.42857142857
2019-01-30,2476,2097.57142857143
2019-01-31,2427,2076.71428571429
2019-02-01,2492,2085.85714285714
2019-02-02,1,2086
2019-02-04,3294,1930.42857142857
2019-02-05,2844,1933.42857142857
2019-02-06,2909,1995.28571428571
2019-02-07,2955,2070.71428571429
2019-02-08,2509,2073.14285714286
2019-02-10,1,2073.14285714286
2019-02-11,4476,2242
2019-02-12,2891,2248.71428571429
2019-02-13,2775,2229.57142857143
2019-02-14,2297,2135.57142857143
2019-02-15,2869,2187
2019-02-18,2935,1966.71428571429
2019-02-19,3117,1999
2019-02-20,2754,1996
2019-02-21,2304,1997
2019-02-22,2449,1937
2019-02-23,98,1951
2019-02-25,3596,2045.42857142857
2019-02-26,2661,1980.28571428571
2019-02-27,2498,1943.71428571429
2019-02-28,2707,2001.28571428571
2019-03-01,2647,2029.57142857143
2019-03-02,1,2015.71428571429
2019-03-04,4067,2083
2019-03-05,3271,2170.14285714286
2019-03-06,2607,2185.71428571429
2019-03-07,2902,2213.57142857143
2019-03-08,3107,2279.28571428571
2019-03-09,1662,2516.57142857143
2019-03-10,2,2516.85714285714
2019-03-11,2990,2363
2019-03-12,3002,2324.57142857143
2019-03-13,3297,2423.14285714286
2019-03-14,2488,2364
2019-03-15,2923,2337.71428571429
2019-03-16,1,2100.42857142857
2019-03-18,3859,2224.28571428571
2019-03-19,3098,2238
2019-03-20,2610,2139.85714285714
2019-03-21,3072,2223.28571428571
2019-03-22,2527,2166.71428571429
2019-03-23,2376,2506
2019-03-25,2218,2271.57142857143
2019-03-26,2705,2215.42857142857
2019-03-27,3085,2283.28571428571
2019-03-28,2748,2237
2019-03-29,2799,2275.85714285714
2019-03-30,2255,2258.57142857143
2019-03-31,3,2259
2019-04-01,2966,2365.85714285714
2019-04-02,2652,2358.28571428571
2019-04-03,3052,2353.57142857143
2019-04-04,2347,2296.28571428571
2019-04-05,3202,2353.85714285714
2019-04-06,81,2043.28571428571
2019-04-07,1,2043
2019-04-08,3505,2120
2019-04-09,3153,2191.57142857143
2019-04-10,2994,2183.28571428571
2019-04-11,2844,2254.28571428571
2019-04-12,3006,2226.28571428571
2019-04-13,1292,2399.28571428571
2019-04-15,3034,2331.85714285714
2019-04-16,2263,2204.71428571429
2019-04-17,2528,2138.14285714286
2019-04-18,2766,2127
2019-04-20,1642,1747.57142857143
2019-04-23,3071,1429.57142857143
2019-04-24,2540,1431.28571428571
2019-04-25,2475,1389.71428571429
2019-04-26,2385,1730.42857142857
2019-04-27,8,1497
2019-04-29,3479,1994
2019-04-30,2525,1916
2019-05-01,2976,1978.28571428571
2019-05-02,2545,1988.28571428571
2019-05-03,2947,2068.57142857143
2019-05-06,1,1570.57142857143
2019-05-07,3772,1748.71428571429
2019-05-08,2990,1750.71428571429
2019-05-09,2352,1723.14285714286
2019-05-10,2776,1698.71428571429
2019-05-13,3201,2155.85714285714
2019-05-14,2721,2005.71428571429
2019-05-15,2714,1966.28571428571
2019-05-16,2722,2019.14285714286
2019-05-17,2795,2021.85714285714
2019-05-18,4,2022.42857142857
2019-05-20,3767,2103.28571428571
2019-05-21,3081,2154.71428571429
2019-05-22,3188,2222.42857142857
2019-05-23,2662,2213.85714285714
2019-05-24,2445,2163.85714285714
2019-05-25,706,2264.14285714286
2019-05-26,2,2264.42857142857
2019-05-28,2620,1660.42857142857
2019-05-29,2894,1618.42857142857
2019-05-30,2421,1584
2019-05-31,2278,1560.14285714286
2019-06-01,9,1460.57142857143
2019-06-03,3385,1943.85714285714
2019-06-04,2372,1908.42857142857
2019-06-05,2983,1921.14285714286
2019-06-06,2309,1905.14285714286
2019-06-07,2272,1904.28571428571
2019-06-10,3245,1883
2019-06-11,2892,1957.28571428571
2019-06-12,2781,1928.42857142857
2019-06-13,2536,1960.85714285714
2019-06-14,2522,1996.57142857143
2019-06-15,105,2011.57142857143
2019-06-17,3064,1985.71428571429
2019-06-18,2555,1937.57142857143
2019-06-19,2898,1954.28571428571
2019-06-20,2000,1877.71428571429
2019-06-21,2372,1856.28571428571
2019-06-24,2888,1816.14285714286
2019-06-25,2755,1844.71428571429
2019-06-26,2440,1779.28571428571
2019-06-27,2221,1810.85714285714
2019-06-28,2229,1790.42857142857
2019-06-30,1,1790.57142857143
2019-07-01,3043,1812.71428571429
2019-07-02,2676,1801.42857142857
2019-07-03,2989,1879.85714285714
2019-07-04,2295,1890.42857142857
2019-07-05,2152,1879.42857142857
2019-07-06,1545,2100.14285714286
2019-07-07,56,2108
2019-07-08,2634,2049.57142857143
2019-07-09,2003,1953.42857142857
2019-07-10,2524,1887
2019-07-11,2535,1921.28571428571
2019-07-12,2691,1998.28571428571
2019-07-13,318,1823
2019-07-14,91,1828
2019-07-15,3070,1890.28571428571
2019-07-16,2158,1912.42857142857
2019-07-17,2927,1970
2019-07-18,2096,1907.28571428571
2019-07-19,2662,1903.14285714286
2019-07-20,297,1900.14285714286
2019-07-22,2325,1780.71428571429
2019-07-23,2320,1803.85714285714
2019-07-24,3134,1833.42857142857
2019-07-25,2003,1820.14285714286
2019-07-26,2364,1777.57142857143
2019-07-27,298,1777.71428571429
2019-07-29,2636,1822.14285714286
2019-07-30,2215,1807.14285714286
2019-07-31,2614,1732.85714285714
2019-08-01,2464,1798.71428571429
2019-08-02,2679,1843.71428571429
2019-08-05,2871,1834.71428571429
2019-08-06,2479,1872.42857142857
2019-08-07,2788,1897.28571428571
2019-08-08,2299,1873.71428571429
2019-08-09,2621,1865.42857142857
2019-08-10,1,1865.57142857143
2019-08-11,1,1865.71428571429
2019-08-12,3223,1916
2019-08-13,2394,1903.85714285714
2019-08-14,2297,1833.71428571429
2019-08-15,2436,1853.28571428571
2019-08-16,2224,1796.57142857143
2019-08-19,3737,1869.71428571429
2019-08-20,2028,1817.42857142857
2019-08-21,2429,1836.28571428571
2019-08-22,2160,1796.85714285714
2019-08-23,2082,1776.57142857143
2019-08-26,1592,1470.14285714286
2019-08-27,2433,1528
2019-08-28,2509,1539.42857142857
2019-08-29,2109,1532.14285714286
2019-08-30,2322,1566.42857142857
2019-08-31,1,1566.57142857143
2019-09-01,13,1568.42857142857
2019-09-02,2962,1764.14285714286
2019-09-03,2437,1764.71428571429
2019-09-04,2385,1747
2019-09-05,2379,1785.57142857143
2019-09-06,2820,1856.71428571429
2019-09-09,3006,1861
2019-09-10,2481,1867.28571428571
2019-09-11,2575,1894.42857142857
2019-09-12,2587,1924.14285714286
2019-09-13,2874,1931.85714285714
2019-09-14,2,1932.14285714286
2019-09-15,89,1944.85714285714
2019-09-16,2967,1939.28571428571
2019-09-17,2582,1953.71428571429
2019-09-18,2344,1920.71428571429
2019-09-19,1588,1778
2019-09-20,3001,1796.14285714286
2019-09-21,2004,2082.14285714286
2019-09-22,1,2069.57142857143
2019-09-23,2408,1989.71428571429
2019-09-24,2469,1973.57142857143
2019-09-25,2625,2013.71428571429
2019-09-26,2634,2163.14285714286
2019-09-27,2329,2067.14285714286
2019-09-30,3333,1912.85714285714
2019-10-01,2841,1966
2019-10-02,2657,1970.57142857143
2019-10-03,2692,1978.85714285714
2019-10-04,2598,2017.28571428571
2019-10-06,1,2017.42857142857
2019-10-07,3154,1991.85714285714
2019-10-08,2660,1966
2019-10-09,2758,1980.42857142857
2019-10-10,2874,2006.42857142857
2019-10-11,2155,1943.14285714286
2019-10-12,1331,2133.28571428571
2019-10-13,48,2140
2019-10-14,2759,2083.57142857143
2019-10-15,2472,2056.71428571429
2019-10-16,2919,2079.71428571429
2019-10-17,2517,2028.71428571429
2019-10-18,2377,2060.42857142857
2019-10-20,14,1865.42857142857
2019-10-21,2587,1840.85714285714
2019-10-22,2546,1851.42857142857
2019-10-23,2633,1810.57142857143
2019-10-24,2700,1836.71428571429
2019-10-25,2357,1833.85714285714
2019-10-28,3244,1925.71428571429
2019-10-29,2786,1960
2019-10-30,2211,1899.71428571429
2019-10-31,2135,1819
2019-11-01,2051,1775.28571428571
2019-11-04,3241,1774.85714285714
2019-11-05,2414,1721.71428571429
2019-11-06,2665,1786.57142857143
2019-11-07,1955,1760.85714285714
2019-11-08,2824,1871.28571428571
2019-11-09,1,1871.42857142857
2019-11-10,2,1871.71428571429
2019-11-11,2748,1801.28571428571
2019-11-12,2826,1860.14285714286
2019-11-13,2464,1831.42857142857
2019-11-14,2179,1863.42857142857
2019-11-15,2190,1772.85714285714
2019-11-18,3072,1818.71428571429
2019-11-19,2557,1780.28571428571
2019-11-20,2992,1855.71428571429
2019-11-21,2182,1856.14285714286
2019-11-22,2167,1852.85714285714
2019-11-23,2,1853.14285714286
2019-11-25,3303,1886.14285714286
2019-11-26,2536,1883.14285714286
2019-11-27,2527,1816.71428571429
2019-11-28,2218,1821.85714285714
2019-11-29,2264,1835.71428571429
2019-12-01,13,1837.28571428571
2019-12-02,3621,1882.71428571429
2019-12-03,2152,1827.85714285714
2019-12-04,2263,1790.14285714286
2019-12-05,2435,1821.14285714286
2019-12-06,1971,1779.28571428571
2019-12-09,3283,1729.14285714286
2019-12-10,2023,1710.71428571429
2019-12-11,2062,1682
2019-12-12,2164,1643.28571428571
2019-12-13,1824,1622.28571428571
2019-12-16,2863,1562.28571428571
2019-12-17,2319,1604.57142857143
2019-12-18,2275,1635
2019-12-19,2210,1641.57142857143
2019-12-20,2202,1695.57142857143
2019-12-21,1,1695.71428571429
2019-12-23,2613,1660
2019-12-24,943,1463.42857142857
2019-12-26,1,822.857142857143
2019-12-27,1121,668.428571428571
2019-12-30,2315,625.714285714286
2019-12-31,1067,643.428571428571
2020-01-01,44,649.714285714286
2020-01-02,2000,935.285714285714
2020-01-03,2131,1079.57142857143
2020-01-05,1,1079.71428571429
2020-01-06,3059,1186
2020-01-07,2411,1378
2020-01-08,2161,1680.42857142857
2020-01-09,2872,1805
2020-01-10,2318,1831.71428571429
2020-01-13,3707,1924.14285714286
2020-01-14,2946,2000.57142857143
2020-01-15,2700,2077.57142857143
2020-01-16,2016,1955.28571428571
2020-01-17,3290,2094.14285714286
2020-01-19,1,2094.28571428571
2020-01-20,4055,2144
2020-01-21,2856,2131.14285714286
2020-01-22,2214,2061.71428571429
2020-01-23,2779,2170.71428571429
2020-01-24,2380,2040.71428571429
2020-01-26,1,2040.71428571429
2020-01-27,3567,1971
2020-01-28,3204,2020.71428571429
2020-01-29,2047,1996.85714285714
2020-01-30,2054,1893.28571428571
2020-01-31,2088,1851.57142857143
2020-02-01,6,1852.42857142857
2020-02-03,3699,1871.14285714286
2020-02-04,3081,1853.57142857143
2020-02-05,2905,1976.14285714286
2020-02-06,2928,2101
2020-02-07,2664,2183.28571428571
2020-02-10,3745,2189
2020-02-11,3114,2193.71428571429
2020-02-12,2825,2182.28571428571
2020-02-13,2955,2186.14285714286
2020-02-14,2868,2215.28571428571
2020-02-15,582,2298.42857142857
2020-02-17,2664,2144
2020-02-18,2642,2076.57142857143
2020-02-19,2592,2043.28571428571
2020-02-20,2641,1998.42857142857
2020-02-21,2336,1922.42857142857
2020-02-24,3090,1900.14285714286
2020-02-25,3274,1990.42857142857
2020-02-26,3366,2101
2020-02-27,2260,2046.57142857143
2020-02-28,2465,2065
2020-03-01,20,2067.85714285714
2020-03-02,3286,2095.85714285714
2020-03-03,2622,2002.71428571429
2020-03-04,3108,1965.85714285714
2020-03-05,2361,1980.28571428571
2020-03-06,2282,1954.14285714286
2020-03-08,1,1951.42857142857
2020-03-09,4010,2054.85714285714
2020-03-10,3142,2129.14285714286
2020-03-11,3320,2159.42857142857
2020-03-12,3178,2276.14285714286
2020-03-13,1956,2229.57142857143
2020-03-14,1,2229.71428571429
2020-03-15,2,2229.85714285714
2020-03-16,2621,2031.42857142857
2020-03-17,2554,1947.42857142857
2020-03-18,3194,1929.42857142857
2020-03-19,2154,1783.14285714286
2020-03-20,2031,1793.85714285714
2020-03-23,2071,1714.85714285714
2020-03-24,1989,1634.14285714286
2020-03-25,2167,1487.42857142857
2020-03-26,1544,1400.28571428571
2020-03-27,1206,1282.42857142857
2020-03-30,2444,1335.71428571429
2020-03-31,2090,1350.14285714286
2020-04-01,2073,1336.71428571429
2020-04-02,1881,1384.85714285714
2020-04-03,1633,1445.85714285714
2020-04-05,1,1446
2020-04-06,2413,1441.57142857143
2020-04-07,2026,1432.42857142857
2020-04-08,1455,1344.14285714286
2020-04-09,1686,1316.28571428571
2020-04-14,2116,751
2020-04-15,2400,886
2020-04-16,2904,1060
2020-04-17,2214,1376.28571428571
2020-04-18,1,1376.42857142857
2020-04-20,2582,1745.28571428571
2020-04-21,2167,1752.57142857143
2020-04-22,2058,1703.71428571429
2020-04-23,1560,1511.71428571429
2020-04-24,1644,1430.28571428571
2020-04-27,2720,1449.85714285714
2020-04-28,2345,1475.28571428571
2020-04-29,2470,1534.14285714286
2020-04-30,1986,1595
2020-05-01,2052,1653.28571428571
2020-05-04,2663,1645.14285714286
2020-05-05,2432,1657.57142857143
2020-05-06,2662,1685
2020-05-07,2470,1754.14285714286
2020-05-08,3,1461.42857142857
2020-05-11,3678,1606.42857142857
2020-05-12,2764,1653.85714285714
2020-05-13,2792,1672.42857142857
2020-05-14,2661,1699.71428571429
2020-05-15,2912,2115.28571428571
2020-05-18,3116,2035
2020-05-19,3238,2102.71428571429
2020-05-20,3202,2161.28571428571
2020-05-21,2425,2127.57142857143
2020-05-22,2448,2061.28571428571
2020-05-26,4480,1793.57142857143
2020-05-27,4196,1935.57142857143
2020-05-28,3102,2032.28571428571
2020-05-29,2943,2103
2020-05-30,2674,2485
2020-05-31,1,2485.14285714286
2020-06-01,2254,2807.14285714286
2020-06-02,3012,2597.42857142857
2020-06-03,3514,2500
2020-06-04,2804,2457.42857142857
2020-06-05,3287,2506.57142857143
2020-06-07,1,2124.57142857143
2020-06-08,4831,2492.71428571429
2020-06-09,4246,2669
2020-06-10,2718,2555.28571428571
2020-06-11,3827,2701.42857142857
2020-06-12,3290,2701.85714285714
2020-06-13,2483,3056.57142857143
2020-06-15,3410,2853.42857142857
2020-06-16,2817,2649.28571428571
2020-06-17,2920,2678.14285714286
2020-06-18,2917,2548.14285714286
2020-06-19,3493,2577.14285714286
2020-06-20,2937,2642
2020-06-22,3618,2671.71428571429
2020-06-23,2864,2678.42857142857
2020-06-24,2916,2677.85714285714
2020-06-25,2709,2648.14285714286
2020-06-26,2311,2479.28571428571
2020-06-29,4302,2157.42857142857
2020-06-30,4181,2345.57142857143
2020-07-01,3766,2467
2020-07-02,3426,2569.42857142857
2020-07-03,2756,2633
2020-07-04,1513,2849.14285714286
2020-07-05,1699,3091.85714285714
2020-07-06,3665,3000.85714285714
2020-07-07,2932,2822.42857142857
2020-07-08,3161,2736
2020-07-09,2917,2663.28571428571
2020-07-10,3193,2725.71428571429
2020-07-11,1,2509.71428571429
2020-07-13,4034,2319.71428571429
2020-07-14,3849,2450.71428571429
2020-07-15,3713,2529.57142857143
2020-07-16,2831,2517.28571428571
2020-07-17,2773,2457.28571428571
2020-07-19,2388,2798.28571428571
2020-07-20,3022,2653.71428571429
2020-07-21,3057,2540.57142857143
2020-07-22,2840,2415.85714285714
2020-07-23,3274,2479.14285714286
2020-07-24,2930,2501.57142857143
2020-07-25,1,2501.71428571429
2020-07-27,4353,2350.71428571429
2020-07-28,3755,2450.42857142857
2020-07-29,3838,2593
2020-07-30,3271,2592.57142857143
2020-07-31,2531,2535.57142857143
2020-08-01,520,2609.71428571429
2020-08-02,2090,2908.28571428571
2020-08-03,2479,2640.57142857143
2020-08-04,3091,2545.71428571429
2020-08-05,3402,2483.42857142857
2020-08-06,2879,2427.42857142857
2020-08-07,2580,2434.42857142857
2020-08-09,1,2061.71428571429
2020-08-10,3469,2203.14285714286
2020-08-11,3204,2219.28571428571
2020-08-12,2872,2143.57142857143
2020-08-13,2947,2153.28571428571
2020-08-14,2820,2187.57142857143
2020-08-15,3,2188
2020-08-16,1678,2427.57142857143
2020-08-17,3287,2401.57142857143
2020-08-18,3294,2414.42857142857
2020-08-19,3186,2459.28571428571
2020-08-20,2886,2450.57142857143
2020-08-21,2990,2474.85714285714
2020-08-24,3857,2316.14285714286
2020-08-25,3247,2309.42857142857
2020-08-26,2956,2276.57142857143
2020-08-27,2911,2280.14285714286
2020-08-28,2700,2238.71428571429
2020-08-29,32,2243.28571428571
2020-08-31,3544,2198.57142857143
2020-09-01,2887,2147.14285714286
2020-09-02,2870,2134.85714285714
2020-09-03,3223,2179.42857142857
2020-09-04,3086,2234.57142857143
2020-09-06,1,2230.14285714286
2020-09-07,3916,2283.28571428571
2020-09-08,3369,2352.14285714286
2020-09-09,3347,2420.28571428571
2020-09-10,2844,2366.14285714286
2020-09-11,2249,2246.57142857143
2020-09-12,314,2291.42857142857
2020-09-13,2940,2711.28571428571
2020-09-14,2061,2446.28571428571
2020-09-15,2759,2359.14285714286
2020-09-16,3091,2322.57142857143
2020-09-17,2978,2341.71428571429
2020-09-18,3583,2532.28571428571
2020-09-20,2,2067.71428571429
2020-09-21,4470,2411.85714285714
2020-09-22,3103,2461
2020-09-23,3281,2488.14285714286
2020-09-24,3228,2523.85714285714
2020-09-25,3624,2529.71428571429
2020-09-28,4295,2504.42857142857
2020-09-29,2902,2475.71428571429
2020-09-30,3312,2480.14285714286
2020-10-01,3838,2567.28571428571
2020-10-02,4008,2622.14285714286
2020-10-03,1283,2805.42857142857
2020-10-04,1801,3062.71428571429
2020-10-05,3517,2951.57142857143
2020-10-06,3241,3000
2020-10-07,3175,2980.42857142857
2020-10-08,2941,2852.28571428571
2020-10-09,2872,2690
2020-10-12,3632,2265.85714285714
2020-10-13,3623,2320.42857142857
2020-10-14,3687,2393.57142857143
2020-10-15,3497,2473
2020-10-16,2760,2457
2020-10-19,3529,2442.28571428571
2020-10-20,2649,2303.14285714286
2020-10-21,3046,2211.57142857143
2020-10-22,3212,2170.85714285714
2020-10-23,3219,2236.42857142857
2020-10-24,2,2236.71428571429
2020-10-26,3522,2235.71428571429
2020-10-27,3713,2387.71428571429
2020-10-28,3053,2388.71428571429
2020-10-29,3064,2367.57142857143
2020-10-30,2859,2316.14285714286
2020-10-31,1,2316
2020-11-01,22,2319.14285714286
2020-11-02,4384,2442.28571428571
2020-11-03,3144,2361
2020-11-04,3593,2438.14285714286
2020-11-05,3059,2437.42857142857
2020-11-06,2516,2388.42857142857
2020-11-07,1,2388.42857142857
2020-11-09,3507,2260
2020-11-10,2982,2236.85714285714
2020-11-11,3555,2231.42857142857
2020-11-12,2876,2205.28571428571
2020-11-13,3389,2330
2020-11-15,3862,2881.57142857143
2020-11-16,2784,2778.28571428571
2020-11-17,2759,2746.42857142857
2020-11-18,3036,2672.28571428571
2020-11-19,3161,2713
2020-11-20,3115,2673.85714285714
2020-11-23,3254,2189.28571428571
2020-11-24,3139,2243.57142857143
2020-11-25,2608,2182.42857142857
2020-11-26,2628,2106.28571428571
2020-11-27,3000,2089.85714285714
2020-11-28,6,2090.71428571429
2020-11-30,3330,2101.57142857143
2020-12-01,3331,2129
2020-12-02,3264,2222.71428571429
2020-12-03,2678,2229.85714285714
2020-12-04,2673,2183.14285714286
2020-12-06,3024,2614.28571428571
2020-12-07,2756,2532.28571428571
2020-12-08,2461,2408
2020-12-09,3187,2397
2020-12-10,2132,2319
2020-12-11,2565,2303.57142857143
2020-12-14,2998,1906.14285714286
2020-12-15,2478,1908.57142857143
2020-12-16,2734,1843.85714285714
2020-12-17,2819,1942
2020-12-18,2593,1946
2020-12-19,276,1985.42857142857
2020-12-21,3038,1991.14285714286
2020-12-22,2340,1971.42857142857
2020-12-23,2364,1918.57142857143
2020-12-24,1610,1745.85714285714
2020-12-29,2669,949
2020-12-30,3282,1080.14285714286
2020-12-31,2438,1198.42857142857
2021-01-01,87,1210.85714285714
2021-01-02,113,1227
2021-01-04,3831,1774.28571428571
2021-01-05,3443,1884.85714285714
2021-01-06,3737,1949.85714285714
2021-01-07,2436,1949.57142857143
2021-01-08,2924,2354.85714285714
2021-01-11,3731,2324.42857142857
2021-01-12,3093,2274.42857142857
2021-01-13,3224,2201.14285714286
2021-01-14,2881,2264.71428571429
2021-01-15,2744,2239
2021-01-17,1,2239.14285714286
2021-01-18,4486,2347
2021-01-19,3126,2351.71428571429
2021-01-20,3469,2386.71428571429
2021-01-21,2868,2384.85714285714
2021-01-22,2299,2321.28571428571
2021-01-23,1,2321.42857142857
2021-01-24,54,2329
2021-01-25,4467,2326.28571428571
2021-01-26,3090,2321.14285714286
2021-01-27,3369,2306.85714285714
2021-01-28,2741,2288.71428571429
2021-01-29,2736,2351.14285714286
2021-01-30,104,2365.85714285714
2021-02-01,3756,2256.57142857143
2021-02-02,3298,2286.28571428571
2021-02-03,3443,2296.85714285714
2021-02-04,2974,2330.14285714286
2021-02-05,2786,2337.28571428571
2021-02-06,98,2336.42857142857
2021-02-08,4072,2381.57142857143
2021-02-09,3798,2453
2021-02-10,3692,2488.57142857143
2021-02-11,3407,2550.42857142857
2021-02-12,2174,2463
2021-02-15,2994,2295
2021-02-16,3646,2273.28571428571
2021-02-17,3340,2223
2021-02-18,3225,2197
2021-02-19,3048,2321.85714285714
2021-02-22,3282,2363
2021-02-23,3090,2283.57142857143
2021-02-24,4029,2382
2021-02-25,4031,2497.14285714286
2021-02-26,3008,2491.42857142857
2021-02-27,2962,2914.57142857143
2021-03-01,3542,2951.71428571429
2021-03-02,3571,3020.42857142857
2021-03-03,3292,2915.14285714286
2021-03-04,2919,2756.28571428571
2021-03-05,3307,2799
2021-03-08,3842,2418.71428571429
2021-03-09,2932,2327.42857142857
2021-03-10,2920,2274.28571428571
2021-03-11,3528,2361.28571428571
2021-03-12,3681,2414.71428571429
2021-03-13,54,2422.42857142857
2021-03-14,1,2422.57142857143
2021-03-15,4349,2495
2021-03-16,3446,2568.42857142857
2021-03-17,2574,2519
2021-03-18,2732,2405.28571428571
2021-03-19,3186,2334.57142857143
2021-03-20,2,2327.14285714286
2021-03-21,1898,2598.14285714286
2021-03-22,3553,2484.42857142857
2021-03-23,2789,2390.57142857143
2021-03-24,3277,2491
2021-03-25,2612,2473.85714285714
2021-03-26,3299,2490
2021-03-28,2067,2513.85714285714
2021-03-29,4176,2602.85714285714
2021-03-30,2995,2632.28571428571
2021-03-31,3141,2612.85714285714
2021-04-01,3194,2696
2021-04-03,3269,2691.71428571429
2021-04-05,2,1800.14285714286
2021-04-06,3583,1884.14285714286
2021-04-07,3670,1959.71428571429
2021-04-08,4137,2094.42857142857
2021-04-09,3556,2602.42857142857
2021-04-12,3247,2599
2021-04-13,2661,2467.28571428571
2021-04-14,3634,2462.14285714286
2021-04-15,3476,2367.71428571429
2021-04-16,3119,2305.28571428571
2021-04-19,4053,2420.42857142857
2021-04-20,2490,2396
2021-04-21,2820,2279.71428571429
2021-04-22,2564,2149.42857142857
2021-04-23,2745,2096
2021-04-26,3686,2043.57142857143
2021-04-27,3496,2187.28571428571
2021-04-28,3222,2244.71428571429
2021-04-29,3003,2307.42857142857
2021-04-30,2496,2271.85714285714
2021-05-01,19,2274.57142857143
2021-05-03,2323,2079.85714285714
2021-05-04,3862,2132.14285714286
2021-05-05,2903,2086.57142857143
2021-05-06,2506,2015.57142857143
2021-05-07,2495,2015.42857142857
2021-05-10,3081,2121
2021-05-11,3914,2128.42857142857
2021-05-12,3030,2146.57142857143
2021-05-13,3248,2252.57142857143
2021-05-14,4486,2537
2021-05-15,306,2580.71428571429
2021-05-16,1970,2862.14285714286
2021-05-17,3271,2889.28571428571
2021-05-18,2664,2710.71428571429
2021-05-19,2403,2621.14285714286
2021-05-20,2998,2585.42857142857
2021-05-21,2398,2287.14285714286
2021-05-24,3438,1985.85714285714
2021-05-25,2679,1988
2021-05-26,3102,2087.85714285714
2021-05-27,2897,2073.42857142857
2021-05-28,2764,2125.71428571429
2021-05-31,1572,1859.14285714286
2021-06-01,3381,1959.42857142857
2021-06-02,2599,1887.57142857143
2021-06-03,2526,1834.57142857143
2021-06-04,2365,1777.57142857143
2021-06-07,3786,2093.85714285714
2021-06-08,2876,2021.71428571429
2021-06-09,2509,2008.85714285714
2021-06-10,2896,2061.71428571429
2021-06-11,2220,2041
2021-06-14,3019,1931.42857142857
2021-06-15,3050,1956.28571428571
2021-06-16,2476,1951.57142857143
2021-06-17,2649,1916.28571428571
2021-06-18,2792,1998
2021-06-19,233,2031.28571428571
2021-06-20,274,2070.42857142857
2021-06-21,3480,2136.28571428571
2021-06-22,2367,2038.71428571429
2021-06-23,2240,2005
2021-06-24,2369,1965
2021-06-25,2748,1958.71428571429
2021-06-26,224,1957.42857142857
2021-06-27,273,1957.28571428571
2021-06-28,2918,1877
2021-06-29,2637,1915.57142857143
2021-06-30,2527,1956.57142857143
2021-07-01,2951,2039.71428571429
2021-07-02,2048,1939.71428571429
2021-07-03,394,1964
2021-07-04,405,1982.85714285714
2021-07-05,3350,2044.57142857143
2021-07-06,2512,2026.71428571429
2021-07-07,2368,2004
2021-07-08,2572,1949.85714285714
2021-07-09,2880,2068.71428571429
2021-07-10,65,2021.71428571429
2021-07-11,1,1964
2021-07-12,2317,1816.42857142857
2021-07-13,2583,1826.57142857143
2021-07-14,2219,1805.28571428571
2021-07-15,2862,1846.71428571429
2021-07-16,2256,1757.57142857143
2021-07-17,199,1776.71428571429
2021-07-18,229,1809.28571428571
2021-07-19,3031,1911.28571428571
2021-07-20,2509,1900.71428571429
2021-07-21,2079,1880.71428571429
2021-07-22,2742,1863.57142857143
2021-07-23,2696,1926.42857142857
2021-07-24,271,1936.71428571429
2021-07-25,261,1941.28571428571
2021-07-26,2553,1873
2021-07-27,2627,1889.85714285714
2021-07-28,2584,1962
2021-07-29,2609,1943
2021-07-30,2539,1920.57142857143
2021-07-31,281,1922
2021-08-01,334,1932.42857142857
2021-08-02,2648,1946
2021-08-03,1616,1801.57142857143
2021-08-04,2980,1858.14285714286
2021-08-05,2719,1873.85714285714
2021-08-06,2855,1919
2021-08-07,282,1919.14285714286
2021-08-08,312,1916
2021-08-09,3110,1982
2021-08-10,2116,2053.42857142857
2021-08-11,2426,1974.28571428571
2021-08-12,2790,1984.42857142857
2021-08-13,2443,1925.57142857143
2021-08-14,208,1915
2021-08-15,256,1907
2021-08-16,2785,1860.57142857143
2021-08-17,2587,1927.85714285714
2021-08-18,2475,1934.85714285714
2021-08-19,2169,1846.14285714286
2021-08-20,2075,1793.57142857143
2021-08-23,3459,1823.57142857143
2021-08-24,3153,1904.42857142857
2021-08-25,2861,1959.57142857143
2021-08-26,2396,1992
2021-08-27,2229,2014
2021-08-28,212,2044.28571428571
2021-08-29,230,2077.14285714286
2021-08-30,1723,1829.14285714286
2021-08-31,2854,1786.42857142857
2021-09-01,3003,1806.71428571429
2021-09-02,2284,1790.71428571429
2021-09-03,2350,1808
2021-09-04,247,1813
2021-09-05,307,1824
2021-09-06,2981,2003.71428571429
2021-09-07,2687,1979.85714285714
2021-09-08,2889,1963.57142857143
2021-09-09,2254,1959.28571428571
2021-09-10,2956,2045.85714285714
2021-09-11,295,2052.71428571429
2021-09-12,276,2048.28571428571
2021-09-13,2776,2019
2021-09-14,3424,2124.28571428571
2021-09-15,2892,2124.71428571429
2021-09-16,2886,2215
2021-09-17,2501,2150
2021-09-18,253,2144
2021-09-19,301,2147.57142857143
2021-09-20,2618,2125
2021-09-21,3105,2079.42857142857
2021-09-22,2622,2040.85714285714
2021-09-23,2640,2005.71428571429
2021-09-24,2701,2034.28571428571
2021-09-25,259,2035.14285714286
2021-09-26,294,2034.14285714286
2021-09-27,2830,2064.42857142857
2021-09-28,3195,2077.28571428571
2021-09-29,2851,2110
2021-09-30,3387,2216.71428571429
2021-10-01,2572,2198.28571428571
2021-10-02,247,2196.57142857143
2021-10-03,298,2197.14285714286
2021-10-04,3129,2239.85714285714
2021-10-05,2889,2196.14285714286
2021-10-06,2825,2192.42857142857
2021-10-07,2208,2024
2021-10-08,2263,1979.85714285714
2021-10-09,260,1981.71428571429
2021-10-10,262,1976.57142857143
2021-10-11,2358,1866.42857142857
2021-10-12,3021,1885.28571428571
2021-10-13,2697,1867
2021-10-14,3305,2023.71428571429
2021-10-15,2574,2068.14285714286
2021-10-16,250,2066.71428571429
2021-10-17,274,2068.42857142857
2021-10-18,2966,2155.28571428571
2021-10-19,3486,2221.71428571429
2021-10-20,3401,2322.28571428571
2021-10-21,3602,2364.71428571429
2021-10-22,2937,2416.57142857143
2021-10-23,280,2420.85714285714
2021-10-24,268,2420
2021-10-25,3486,2494.28571428571
2021-10-26,2554,2361.14285714286
2021-10-27,2645,2253.14285714286
2021-10-28,2623,2113.28571428571
2021-10-29,2737,2084.71428571429
2021-10-30,250,2080.42857142857
2021-10-31,324,2088.42857142857
2021-11-01,3683,2116.57142857143
2021-11-02,3229,2213
2021-11-03,2840,2240.85714285714
2021-11-04,1747,2115.71428571429
2021-11-05,2914,2141
2021-11-06,261,2142.57142857143
2021-11-07,215,2127
2021-11-08,3250,2065.14285714286
2021-11-09,3386,2087.57142857143
2021-11-10,3051,2117.71428571429
2021-11-11,2657,2247.71428571429
2021-11-12,2771,2227.28571428571
2021-11-14,558,2239
2021-11-15,3141,2223.42857142857
2021-11-16,2654,2118.85714285714
2021-11-17,3117,2128.28571428571
2021-11-18,3299,2220
2021-11-19,2503,2181.71428571429
2021-11-20,247,2217
2021-11-21,315,2182.28571428571
2021-11-22,3118,2179
2021-11-23,2685,2183.42857142857
2021-11-24,2667,2119.14285714286
2021-11-25,2292,1975.28571428571
2021-11-26,2752,2010.85714285714
2021-11-27,267,2013.71428571429
2021-11-28,276,2008.14285714286
2021-11-29,3199,2019.71428571429
2021-11-30,2661,2016.28571428571
2021-12-01,2374,1974.42857142857
2021-12-02,2115,1949.14285714286
2021-12-03,3379,2038.71428571429
2021-12-04,327,2047.28571428571
2021-12-05,269,2046.28571428571
2021-12-06,3087,2030.28571428571
2021-12-07,2670,2031.57142857143
2021-12-08,2797,2092
2021-12-09,2291,2117.14285714286
2021-12-10,2700,2020.14285714286
2021-12-11,270,2012
2021-12-12,271,2012.28571428571
2021-12-13,3140,2019.85714285714
2021-12-14,3015,2069.14285714286
2021-12-15,2465,2021.71428571429
2021-12-16,1833,1956.28571428571
2021-12-17,2236,1890
2021-12-18,246,1886.57142857143
2021-12-19,245,1882.85714285714
2021-12-20,2456,1785.14285714286
2021-12-21,2514,1713.57142857143
2021-12-22,2641,1738.71428571429
2021-12-23,1979,1759.57142857143
2021-12-24,1224,1615
2021-12-25,118,1596.71428571429
2021-12-26,152,1583.42857142857
2021-12-27,359,1283.85714285714
2021-12-28,464,991
2021-12-29,2522,974
2021-12-30,1780,945.571428571429
2021-12-31,1262,951
2022-01-01,382,988.714285714286
2022-01-02,310,1011.28571428571
2022-01-03,609,1047
2022-01-04,3069,1419.14285714286
2022-01-05,3184,1513.71428571429
2022-01-06,2202,1574
2022-01-07,2435,1741.57142857143
2022-01-08,392,1743
2022-01-09,444,1762.14285714286
2022-01-10,3557,2183.28571428571
2022-01-11,3327,2220.14285714286
2022-01-12,3003,2194.28571428571
2022-01-13,2752,2272.85714285714
2022-01-14,2702,2311
2022-01-15,413,2314
2022-01-16,344,2299.71428571429
2022-01-17,3371,2273.14285714286
2022-01-18,3125,2244.28571428571
2022-01-19,2998,2243.57142857143
2022-01-20,3042,2285
2022-01-21,2520,2259
2022-01-22,491,2270.14285714286
2022-01-23,536,2297.57142857143
2022-01-24,3248,2280
2022-01-25,2958,2256.14285714286
2022-01-26,3379,2310.57142857143
2022-01-27,2391,2217.57142857143
2022-01-28,2922,2275
2022-01-29,474,2272.57142857143
2022-01-30,504,2268
2022-01-31,3257,2269.28571428571
2022-02-01,3063,2284.28571428571
2022-02-02,3391,2286
2022-02-03,3324,2419.28571428571
2022-02-04,2954,2423.85714285714
2022-02-05,492,2426.42857142857
2022-02-06,463,2420.57142857143
2022-02-07,2943,2375.71428571429
2022-02-08,3548,2445
2022-02-09,3184,2415.42857142857
2022-02-10,3227,2401.57142857143
2022-02-11,3214,2438.71428571429
2022-02-12,452,2433
2022-02-13,499,2438.14285714286
2022-02-14,3502,2518
2022-02-15,2850,2418.28571428571
2022-02-16,3484,2461.14285714286
2022-02-17,2709,2387.14285714286
2022-02-18,2995,2355.85714285714
2022-02-19,431,2352.85714285714
2022-02-20,520,2355.85714285714
2022-02-21,3372,2337.28571428571
2022-02-22,3324,2405
2022-02-23,2964,2330.71428571429
2022-02-24,3184,2398.57142857143
2022-02-25,2800,2370.71428571429
2022-02-26,302,2352.28571428571
2022-02-27,336,2326
2022-02-28,2553,2209
2022-03-01,3227,2195.14285714286
2022-03-02,2909,2187.28571428571
2022-03-03,2628,2107.85714285714
2022-03-04,3411,2195.14285714286
2022-03-05,1883,2421
2022-03-06,385,2428
2022-03-07,2838,2468.71428571429
2022-03-08,2985,2434.14285714286
2022-03-09,3027,2451
2022-03-10,3161,2527.14285714286
2022-03-11,2800,2439.85714285714
2022-03-12,485,2240.14285714286
2022-03-13,502,2256.85714285714
2022-03-14,2589,2221.28571428571
2022-03-15,3637,2314.42857142857
2022-03-16,3747,2417.28571428571
2022-03-17,3316,2439.42857142857
2022-03-18,2843,2445.57142857143
2022-03-19,1966,2657.14285714286
2022-03-20,463,2651.57142857143
2022-03-21,3087,2722.71428571429
2022-03-22,3235,2665.28571428571
2022-03-23,3101,2573
2022-03-24,2489,2454.85714285714
2022-03-25,2718,2437
2022-03-26,351,2206.28571428571
2022-03-27,405,2198
2022-03-28,3245,2220.57142857143
2022-03-29,3638,2278.14285714286
2022-03-30,3367,2316.14285714286
2022-03-31,3461,2455
2022-04-01,3235,2528.85714285714
2022-04-02,399,2535.71428571429
2022-04-03,442,2541
2022-04-04,3827,2624.14285714286
2022-04-05,3758,2641.28571428571
2022-04-06,3375,2642.42857142857
2022-04-07,3008,2577.71428571429
2022-04-08,2753,2508.85714285714
2022-04-09,471,2519.14285714286
2022-04-10,381,2510.42857142857
2022-04-11,3048,2399.14285714286
2022-04-12,3395,2347.28571428571
2022-04-13,3092,2306.85714285714
2022-04-14,3075,2316.42857142857
2022-04-15,576,2005.42857142857
2022-04-16,338,1986.42857142857
2022-04-17,288,1973.14285714286
2022-04-18,680,1634.85714285714
2022-04-19,4193,1748.85714285714
2022-04-20,3818,1852.57142857143
2022-04-21,2805,1814
2022-04-22,2905,2146.71428571429
2022-04-23,403,2156
2022-04-24,188,2141.71428571429
2022-04-25,3672,2569.14285714286
2022-04-26,3731,2503.14285714286
2022-04-27,2972,2382.28571428571
2022-04-28,2809,2382.85714285714
2022-04-29,2696,2353
2022-04-30,386,2350.57142857143
2022-05-01,431,2385.28571428571
2022-05-02,582,1943.85714285714
2022-05-03,3595,1924.42857142857
2022-05-04,3145,1949.14285714286
2022-05-05,3002,1976.71428571429
2022-05-06,2608,1964.14285714286
2022-05-07,362,1960.71428571429
2022-05-08,412,1958
2022-05-09,3661,2397.85714285714
2022-05-10,3234,2346.28571428571
2022-05-11,3065,2334.85714285714
2022-05-12,2568,2272.85714285714
2022-05-13,2881,2311.85714285714
2022-05-14,339,2308.57142857143
2022-05-15,207,2279.28571428571
2022-05-16,3284,2225.42857142857
2022-05-17,3100,2206.28571428571
2022-05-18,3170,2221.28571428571
2022-05-19,3079,2294.28571428571
2022-05-20,2806,2283.57142857143
2022-05-21,394,2291.42857142857
2022-05-22,459,2327.42857142857
2022-05-23,3550,2365.42857142857
2022-05-24,3639,2442.42857142857
2022-05-25,3188,2445
2022-05-26,3323,2479.85714285714
2022-05-27,3116,2524.14285714286
2022-05-28,382,2522.42857142857
2022-05-29,468,2523.71428571429
2022-05-30,3555,2524.42857142857
2022-05-31,2732,2394.85714285714
2022-06-01,2657,2319
2022-06-02,568,1925.42857142857
2022-06-03,428,1541.42857142857
2022-06-04,315,1531.85714285714
2022-06-05,456,1530.14285714286
2022-06-06,4418,1653.42857142857
2022-06-07,4298,1877.14285714286
2022-06-08,3015,1928.28571428571
2022-06-09,3284,2316.28571428571
2022-06-10,2914,2671.42857142857
2022-06-11,37,2631.71428571429
2022-06-12,832,2685.42857142857
2022-06-13,3476,2550.85714285714
2022-06-14,2791,2335.57142857143
2022-06-15,3159,2356.14285714286
2022-06-16,2972,2311.57142857143
2022-06-17,2433,2242.85714285714
2022-06-18,36,2242.71428571429
2022-06-19,738,2229.28571428571
2022-06-20,3471,2228.57142857143
2022-06-21,2912,2245.85714285714
2022-06-22,2905,2209.57142857143
2022-06-23,2940,2205
2022-06-24,2872,2267.71428571429
2022-06-25,397,2319.28571428571
2022-06-26,412,2272.71428571429
2022-06-27,3513,2278.71428571429
2022-06-28,2995,2290.57142857143
2022-06-29,2698,2261
2022-06-30,2870,2251
2022-07-01,2939,2260.57142857143
2022-07-02,383,2258.57142857143
2022-07-03,459,2265.28571428571
2022-07-04,4104,2349.71428571429
2022-07-05,2728,2311.57142857143
2022-07-06,2587,2295.71428571429
2022-07-07,2508,2244
2022-07-08,2372,2163
2022-07-09,351,2158.42857142857
2022-07-10,267,2131
2022-07-11,2506,1902.71428571429
2022-07-12,3655,2035.14285714286
2022-07-13,3049,2101.14285714286
2022-07-14,2661,2123
2022-07-15,2341,2118.57142857143
2022-07-16,268,2106.71428571429
2022-07-17,376,2122.28571428571
2022-07-18,3419,2252.71428571429
2022-07-19,2852,2138
2022-07-20,2876,2113.28571428571
2022-07-21,2592,2103.42857142857
2022-07-22,2115,2071.14285714286
2022-07-23,388,2088.28571428571
2022-07-24,453,2099.28571428571
2022-07-25,3424,2100
2022-07-26,2729,2082.42857142857
2022-07-27,2856,2079.57142857143
2022-07-28,2384,2049.85714285714
2022-07-29,2261,2070.71428571429
2022-07-30,404,2073
2022-07-31,434,2070.28571428571
2022-08-01,3344,2058.85714285714
2022-08-02,3466,2164.14285714286
2022-08-03,3329,2231.71428571429
2022-08-04,2795,2290.42857142857
2022-08-05,2563,2333.57142857143
2022-08-06,378,2329.85714285714
2022-08-07,381,2322.28571428571
2022-08-08,3204,2302.28571428571
2022-08-09,2890,2220
2022-08-10,3034,2177.85714285714
2022-08-11,1771,2031.57142857143
2022-08-12,2981,2091.28571428571
2022-08-13,354,2087.85714285714
2022-08-14,414,2092.57142857143
2022-08-15,3236,2097.14285714286
2022-08-16,3190,2140
2022-08-17,2671,2088.14285714286
2022-08-18,2577,2203.28571428571
2022-08-19,2945,2198.14285714286
2022-08-20,376,2201.28571428571
2022-08-21,404,2199.85714285714
2022-08-22,3096,2179.85714285714
2022-08-23,2753,2117.42857142857
2022-08-24,2807,2136.85714285714
2022-08-25,2352,2104.71428571429
2022-08-26,2303,2013
2022-08-27,366,2011.57142857143
2022-08-28,305,1997.42857142857
2022-08-29,558,1634.85714285714
2022-08-30,4196,1841
2022-08-31,3151,1890.14285714286
2022-09-01,2744,1946.14285714286
2022-09-02,2527,1978.14285714286
2022-09-03,381,1980.28571428571
2022-09-04,434,1998.71428571429
2022-09-05,3901,2476.28571428571
2022-09-06,2836,2282
2022-09-07,3013,2262.28571428571
2022-09-08,2839,2275.85714285714
2022-09-09,3026,2347.14285714286
2022-09-10,388,2348.14285714286
2022-09-11,413,2345.14285714286
2022-09-12,2608,2160.42857142857
2022-09-13,2847,2162
2022-09-14,2766,2126.71428571429
2022-09-15,3058,2158
2022-09-16,2756,2119.42857142857
2022-09-17,6,2064.85714285714
2022-09-18,203,2034.85714285714
2022-09-19,1,1662.42857142857
2022-09-20,3952,1820.28571428571
2022-09-21,3034,1858.57142857143
2022-09-22,2764,1816.57142857143
2022-09-23,2692,1807.42857142857
2022-09-24,474,1874.28571428571
2022-09-25,438,1907.85714285714
2022-09-26,3062,2345.14285714286
2022-09-27,3844,2329.71428571429
2022-09-28,3306,2368.57142857143
2022-09-29,3097,2416.14285714286
2022-09-30,3355,2510.85714285714
2022-10-01,434,2505.14285714286
2022-10-02,1467,2652.14285714286
2022-10-03,3410,2701.85714285714
2022-10-04,3403,2638.85714285714
2022-10-05,3082,2606.85714285714
2022-10-06,2382,2504.71428571429
2022-10-07,2627,2400.71428571429
2022-10-08,374,2392.14285714286
2022-10-09,465,2249
2022-10-10,3696,2289.85714285714
2022-10-11,3246,2267.42857142857
2022-10-12,3316,2300.85714285714
2022-10-13,2809,2361.85714285714
2022-10-14,2483,2341.28571428571
2022-10-15,1,2288
2022-10-16,1011,2366
2022-10-17,3848,2387.71428571429
2022-10-18,2985,2350.42857142857
2022-10-19,3154,2327.28571428571
2022-10-20,3181,2380.42857142857
2022-10-21,2697,2411
2022-10-22,399,2467.85714285714
2022-10-23,396,2380
2022-10-24,3382,2313.42857142857
2022-10-25,3274,2354.71428571429
2022-10-26,2968,2328.14285714286
2022-10-27,2773,2269.85714285714
2022-10-28,2500,2241.71428571429
2022-10-29,426,2245.57142857143
2022-10-30,439,2251.71428571429
2022-10-31,3055,2205
2022-11-01,2759,2131.42857142857
2022-11-02,3369,2188.71428571429
2022-11-03,1741,2041.28571428571
2022-11-04,3161,2135.71428571429
2022-11-05,379,2129
2022-11-06,422,2126.57142857143
2022-11-07,4363,2313.42857142857
2022-11-08,3115,2364.28571428571
2022-11-09,3451,2376
2022-11-10,3015,2558
2022-11-11,3259,2572
2022-11-12,392,2573.85714285714
2022-11-13,392,2569.57142857143
2022-11-14,3617,2463
2022-11-15,3188,2473.42857142857
2022-11-16,2917,2397.14285714286
2022-11-17,2196,2280.14285714286
2022-11-18,2864,2223.71428571429
2022-11-19,343,2216.71428571429
2022-11-20,393,2216.85714285714
2022-11-21,3307,2172.57142857143
2022-11-22,3006,2146.57142857143
2022-11-23,3155,2180.57142857143
2022-11-24,2815,2269
2022-11-25,2607,2232.28571428571
2022-11-26,325,2229.71428571429
2022-11-27,403,2231.14285714286
2022-11-28,3224,2219.28571428571
2022-11-29,3873,2343.14285714286
2022-11-30,2962,2315.57142857143
2022-12-01,2629,2289
2022-12-02,2458,2267.71428571429
2022-12-03,282,2261.57142857143
2022-12-04,391,2259.85714285714
2022-12-05,2764,2194.14285714286
2022-12-06,1483,1852.71428571429
2022-12-07,3130,1876.71428571429
2022-12-08,2868,1910.85714285714
2022-12-09,2930,1978.28571428571
2022-12-10,272,1976.85714285714
2022-12-11,385,1976
2022-12-12,3390,2065.42857142857
2022-12-13,2802,2253.85714285714
2022-12-14,2597,2177.71428571429
2022-12-15,2609,2140.71428571429
2022-12-16,2606,2094.42857142857
2022-12-17,279,2095.42857142857
2022-12-18,310,2084.71428571429
2022-12-19,3363,2080.85714285714
2022-12-20,2560,2046.28571428571
2022-12-21,2197,1989.14285714286
2022-12-22,2099,1916.28571428571
2022-12-23,2230,1862.57142857143
2022-12-24,179,1848.28571428571
2022-12-25,122,1821.42857142857
2022-12-26,228,1373.57142857143
2022-12-27,356,1058.71428571429
2022-12-28,2367,1083
2022-12-29,2470,1136
2022-12-30,2207,1132.71428571429
2022-12-31,340,1155.71428571429
2023-01-01,405,1196.14285714286
2023-01-02,603,1249.71428571429
2023-01-03,3604,1713.71428571429
2023-01-04,2880,1787
2023-01-05,3218,1893.85714285714
2023-01-06,3055,2015
2023-01-07,451,2030.85714285714
2023-01-08,533,2049.14285714286
2023-01-09,3841,2511.71428571429
2023-01-10,3567,2506.42857142857
2023-01-11,3745,2630
2023-01-12,3309,2643
2023-01-13,2884,2618.57142857143
2023-01-14,453,2618.85714285714
2023-01-15,530,2618.42857142857
2023-01-16,4033,2645.85714285714
2023-01-17,3844,2685.42857142857
2023-01-18,4059,2730.28571428571
2023-01-19,3241,2720.57142857143
2023-01-20,3285,2777.85714285714
2023-01-21,1122,2873.42857142857
2023-01-22,563,2878.14285714286
2023-01-23,4025,2877
2023-01-24,3354,2807
2023-01-25,2964,2650.57142857143
2023-01-26,3409,2674.57142857143
2023-01-27,3741,2739.71428571429
2023-01-28,860,2702.28571428571
2023-01-29,785,2734
2023-01-30,3760,2696.14285714286
2023-01-31,3460,2711.28571428571
2023-02-01,4752,2966.71428571429
2023-02-02,3862,3031.42857142857
2023-02-03,3521,3000
2023-02-04,824,2994.85714285714
2023-02-05,528,2958.14285714286
2023-02-06,5098,3149.28571428571
2023-02-07,2865,3064.28571428571
2023-02-08,4976,3096.28571428571
2023-02-09,3310,3017.42857142857
2023-02-10,3119,2960
2023-02-11,246,2877.42857142857
2023-02-12,555,2881.28571428571
2023-02-13,4462,2790.42857142857
2023-02-14,3250,2845.42857142857
2023-02-15,3417,2622.71428571429
2023-02-16,3368,2631
2023-02-17,3432,2675.71428571429
2023-02-18,2433,2988.14285714286
2023-02-19,519,2983
2023-02-20,3456,2839.28571428571
2023-02-21,2776,2771.57142857143
2023-02-22,3158,2734.57142857143
2023-02-23,2905,2668.42857142857
2023-02-24,3007,2607.71428571429
2023-02-25,452,2324.71428571429
2023-02-26,469,2317.57142857143
2023-02-27,4031,2399.71428571429
2023-02-28,3445,2495.28571428571
2023-03-01,3542,2550.14285714286
2023-03-02,3109,2579.28571428571
2023-03-03,3483,2647.28571428571
2023-03-05,772,2626
2023-03-06,4331,2668.85714285714
2023-03-07,4717,2850.57142857143
2023-03-08,3679,2870.14285714286
2023-03-09,2839,2831.57142857143
2023-03-10,2856,2742
2023-03-11,463,2808.14285714286
2023-03-12,548,2776.14285714286
2023-03-13,4181,2754.71428571429
2023-03-14,3387,2564.71428571429
2023-03-15,2981,2465
2023-03-16,3058,2496.28571428571
2023-03-17,3906,2646.28571428571
2023-03-18,409,2638.57142857143
2023-03-19,432,2622
2023-03-20,3762,2562.14285714286
2023-03-21,3742,2612.85714285714
2023-03-22,3481,2684.28571428571
2023-03-23,3445,2739.57142857143
2023-03-24,2739,2572.85714285714
2023-03-25,2499,2871.42857142857
2023-03-26,538,2886.57142857143
2023-03-27,3890,2904.85714285714
2023-03-28,2967,2794.14285714286
2023-03-29,2759,2691
2023-03-30,3566,2708.28571428571
2023-03-31,2715,2704.85714285714
2023-04-01,634,2438.42857142857
2023-04-02,512,2434.71428571429
2023-04-03,3714,2409.57142857143
2023-04-04,3332,2461.71428571429
2023-04-05,2841,2473.42857142857
2023-04-06,2775,2360.42857142857
2023-04-07,559,2052.42857142857
2023-04-08,597,2047.14285714286
2023-04-09,328,2020.85714285714
2023-04-10,3598,2004.28571428571
2023-04-11,2987,1955
2023-04-12,4048,2127.42857142857
2023-04-13,2914,2147.28571428571
2023-04-14,3679,2593
2023-04-15,2502,2865.14285714286
2023-04-16,459,2883.85714285714
2023-04-17,4243,2976
2023-04-18,2974,2974.14285714286
2023-04-19,3165,2848
2023-04-20,2468,2784.28571428571
2023-04-21,2335,2592.28571428571
2023-04-22,385,2289.85714285714
2023-04-23,452,2288.85714285714
2023-04-24,3887,2238
2023-04-25,3401,2299
2023-04-26,3126,2293.42857142857
2023-04-27,2761,2335.28571428571
2023-04-28,2149,2308.71428571429
2023-04-29,409,2312.14285714286
2023-04-30,416,2307
2023-05-01,2770,2147.42857142857
2023-05-02,3531,2166
2023-05-03,3754,2255.71428571429
2023-05-04,3097,2303.71428571429
2023-05-05,2906,2411.85714285714
2023-05-06,402,2410.85714285714
2023-05-07,322,2397.42857142857
2023-05-08,3540,2507.42857142857
2023-05-09,3461,2497.42857142857
2023-05-10,3348,2439.42857142857
2023-05-11,2989,2424
2023-05-12,2987,2435.57142857143
2023-05-13,390,2433.85714285714
2023-05-14,379,2442
2023-05-15,3767,2474.42857142857
2023-05-16,3631,2498.71428571429
2023-05-17,3376,2502.71428571429
2023-05-18,2632,2451.71428571429
2023-05-19,3401,2510.85714285714
2023-05-20,408,2513.42857142857
2023-05-21,414,2518.42857142857
2023-05-22,3435,2471
2023-05-23,3618,2469.14285714286
2023-05-24,3422,2475.71428571429
2023-05-25,2705,2486.14285714286
2023-05-26,2916,2416.85714285714
2023-05-27,327,2405.28571428571
2023-05-28,309,2390.28571428571
2023-05-29,2873,2310
2023-05-30,3148,2242.85714285714
2023-05-31,3259,2219.57142857143
2023-06-01,2582,2202
2023-06-02,2673,2167.28571428571
2023-06-03,355,2171.28571428571
2023-06-04,421,2187.28571428571
2023-06-05,3714,2307.42857142857
2023-06-06,3290,2327.71428571429
2023-06-07,3005,2291.42857142857
2023-06-08,2763,2317.28571428571
2023-06-09,2882,2347.14285714286
2023-06-10,339,2344.85714285714
2023-06-11,417,2344.28571428571
2023-06-12,3771,2352.42857142857
2023-06-13,2904,2297.28571428571
2023-06-14,3004,2297.14285714286
2023-06-15,2735,2293.14285714286
2023-06-16,2441,2230.14285714286
2023-06-17,387,2237
2023-06-18,436,2239.71428571429
2023-06-19,4136,2291.85714285714
2023-06-20,2917,2293.71428571429
2023-06-21,2911,2280.42857142857
2023-06-22,3459,2383.85714285714
2023-06-23,2624,2410
2023-06-24,2099,2654.57142857143
2023-06-25,401,2649.57142857143
2023-06-26,3713,2589.14285714286
2023-06-27,3191,2628.28571428571
2023-06-28,2777,2609.14285714286
2023-06-29,2456,2465.85714285714
2023-06-30,2497,2447.71428571429
2023-07-01,475,2215.71428571429
2023-07-02,449,2222.57142857143
2023-07-03,4045,2270
2023-07-04,3150,2264.14285714286
2023-07-05,3299,2338.71428571429
2023-07-06,2662,2368.14285714286
2023-07-07,3568,2521.14285714286
2023-07-08,389,2508.85714285714
2023-07-09,450,2509
2023-07-10,3820,2476.85714285714
2023-07-11,3250,2491.14285714286
2023-07-12,3131,2467.14285714286
2023-07-13,2895,2500.42857142857
2023-07-14,2628,2366.14285714286
2023-07-15,452,2375.14285714286
2023-07-16,462,2376.85714285714
2023-07-17,3384,2314.57142857143
2023-07-18,3345,2328.14285714286
2023-07-19,3169,2333.57142857143
2023-07-20,2741,2311.57142857143
2023-07-21,3402,2422.14285714286
2023-07-22,451,2422
2023-07-23,406,2414
2023-07-24,4417,2561.57142857143
2023-07-25,3647,2604.71428571429
2023-07-26,2893,2565.28571428571
2023-07-27,2568,2540.57142857143
2023-07-28,3045,2489.57142857143
2023-07-29,418,2484.85714285714
2023-07-30,519,2501
2023-07-31,3480,2367.14285714286
2023-08-01,3016,2277
2023-08-02,2829,2267.85714285714
2023-08-03,2628,2276.42857142857
2023-08-04,2842,2247.42857142857
2023-08-05,489,2257.57142857143
2023-08-06,475,2251.28571428571
2023-08-07,4173,2350.28571428571
2023-08-08,3424,2408.57142857143
2023-08-09,2864,2413.57142857143
2023-08-10,2638,2415
2023-08-11,2523,2369.42857142857
2023-08-12,363,2351.42857142857
2023-08-13,2211,2599.42857142857
2023-08-14,3227,2464.28571428571
2023-08-15,3345,2453
2023-08-16,2901,2458.28571428571
2023-08-17,2875,2492.14285714286
2023-08-18,3188,2587.14285714286
2023-08-19,430,2596.71428571429
2023-08-20,410,2339.42857142857
2023-08-21,3888,2433.85714285714
2023-08-22,3502,2456.28571428571
2023-08-23,2767,2437.14285714286
2023-08-24,2477,2380.28571428571
2023-08-25,2537,2287.28571428571
2023-08-26,368,2278.42857142857
2023-08-27,382,2274.42857142857
2023-08-28,2479,2073.14285714286
2023-08-29,3235,2035
2023-08-30,2889,2052.42857142857
2023-08-31,2218,2015.42857142857
2023-09-01,2402,1996.14285714286
2023-09-02,394,1999.85714285714
2023-09-03,488,2015
2023-09-04,3142,2109.71428571429
2023-09-05,3726,2179.85714285714
2023-09-06,3483,2264.71428571429
2023-09-07,2960,2370.71428571429
2023-09-08,2467,2380
2023-09-09,395,2380.14285714286
2023-09-10,2507,2668.57142857143
2023-09-11,3610,2735.42857142857
2023-09-12,3252,2667.71428571429
2023-09-13,2891,2583.14285714286
2023-09-14,2310,2490.28571428571
2023-09-15,2878,2549
2023-09-16,441,2555.57142857143
2023-09-17,537,2274.14285714286
2023-09-18,3410,2245.57142857143
2023-09-19,3231,2242.57142857143
2023-09-20,3160,2281
2023-09-21,2909,2366.57142857143
2023-09-22,3039,2389.57142857143
2023-09-23,3010,2756.57142857143
2023-09-24,524,2754.71428571429
2023-09-25,3607,2782.85714285714
2023-09-26,3592,2834.42857142857
2023-09-27,3203,2840.57142857143
2023-09-28,3433,2915.42857142857
2023-09-29,2849,2888.28571428571
2023-09-30,2512,2817.14285714286
2023-10-01,517,2816.14285714286
2023-10-02,3517,2803.28571428571
2023-10-03,3466,2785.28571428571
2023-10-04,3483,2825.28571428571
2023-10-05,3080,2774.85714285714
2023-10-06,3110,2812.14285714286
2023-10-07,549,2531.71428571429
2023-10-08,495,2528.57142857143
2023-10-09,3967,2592.85714285714
2023-10-10,3765,2635.57142857143
2023-10-11,3072,2576.85714285714
2023-10-12,3208,2595.14285714286
2023-10-13,3045,2585.85714285714
2023-10-14,298,2550
2023-10-15,271,2518
2023-10-16,2965,2374.85714285714
2023-10-17,3642,2357.28571428571
2023-10-18,3282,2387.28571428571
2023-10-19,2688,2313
2023-10-20,3030,2310.85714285714
2023-10-21,490,2338.28571428571
2023-10-22,432,2361.28571428571
2023-10-23,3453,2431
2023-10-24,3616,2427.28571428571
2023-10-25,3862,2510.14285714286
2023-10-26,3344,2603.85714285714
2023-10-27,3131,2618.28571428571
2023-10-28,1559,2771
2023-10-29,405,2767.14285714286
2023-10-30,3388,2757.85714285714
2023-10-31,3200,2698.42857142857
2023-11-01,3579,2658
2023-11-02,3252,2644.85714285714
2023-11-03,3222,2657.85714285714
2023-11-04,388,2490.57142857143
2023-11-05,502,2504.42857142857
2023-11-06,3912,2579.28571428571
2023-11-07,3751,2658
2023-11-08,3300,2618.14285714286
2023-11-09,2818,2556.14285714286
2023-11-10,3104,2539.28571428571
2023-11-11,465,2550.28571428571
2023-11-12,552,2557.42857142857
2023-11-13,4592,2654.57142857143
2023-11-14,3748,2654.14285714286
2023-11-15,3339,2659.71428571429
2023-11-16,2501,2614.42857142857
2023-11-17,2565,2537.42857142857
2023-11-19,663,2486.85714285714
2023-11-20,4293,2444.14285714286
2023-11-21,4250,2515.85714285714
2023-11-22,3103,2482.14285714286
2023-11-23,2437,2473
2023-11-24,2473,2459.85714285714
2023-11-26,32,2369.71428571429
2023-11-27,3928,2317.57142857143
2023-11-28,3600,2224.71428571429
2023-11-29,2855,2189.28571428571
2023-11-30,2750,2234
2023-12-01,2799,2280.57142857143
2023-12-02,444,2344
2023-12-03,1642,2574
2023-12-04,3244,2476.28571428571
2023-12-05,2706,2348.57142857143
2023-12-06,2938,2360.42857142857
2023-12-07,1427,2171.42857142857
2023-12-08,3154,2222.14285714286
2023-12-09,3616,2675.28571428571
2023-12-10,483,2509.71428571429
2023-12-11,3281,2515
2023-12-12,3130,2575.57142857143
2023-12-13,3081,2596
2023-12-14,2954,2814.14285714286
2023-12-15,2748,2756.14285714286
2023-12-16,1845,2503.14285714286
2023-12-17,423,2494.57142857143
2023-12-18,3209,2484.28571428571
2023-12-19,3167,2489.57142857143
2023-12-20,2728,2439.14285714286
2023-12-21,2084,2314.85714285714
2023-12-22,1676,2161.71428571429
2023-12-23,391,1954
2023-12-24,245,1928.57142857143
2023-12-25,337,1518.28571428571
2023-12-26,399,1122.85714285714
2023-12-27,1996,1018.28571428571
2023-12-28,2402,1063.71428571429
2023-12-29,2893,1237.57142857143
2023-12-30,412,1240.57142857143
2023-12-31,2083,1503.14285714286
2024-01-01,568,1536.14285714286
2024-01-02,3319,1953.28571428571
2024-01-03,3147,2117.71428571429
2024-01-04,3126,2221.14285714286
2024-01-05,3236,2270.14285714286
2024-01-06,2316,2542.14285714286
2024-01-07,611,2331.85714285714
2024-01-08,4003,2822.57142857143
2024-01-09,3758,2885.28571428571
2024-01-10,3868,2988.28571428571
2024-01-11,2768,2937.14285714286
2024-01-12,2609,2847.57142857143
2024-01-13,543,2594.28571428571
2024-01-14,565,2587.71428571429
2024-01-15,3750,2551.57142857143
2024-01-16,4875,2711.14285714286
2024-01-17,4063,2739
2024-01-18,3298,2814.71428571429
2024-01-19,3016,2872.85714285714
2024-01-20,602,2881.28571428571
2024-01-21,655,2894.14285714286
2024-01-22,4285,2970.57142857143
2024-01-23,4477,2913.71428571429
2024-01-24,3976,2901.28571428571
2024-01-25,2840,2835.85714285714
2024-01-26,2397,2747.42857142857
2024-01-27,2117,2963.85714285714
2024-01-28,548,2948.57142857143
2024-01-29,3091,2778
2024-01-30,4248,2745.28571428571
2024-01-31,3368,2658.42857142857
2024-02-01,2315,2583.42857142857
2024-02-02,3056,2677.57142857143
2024-02-03,565,2455.85714285714
2024-02-04,2453,2728
2024-02-05,3315,2760
2024-02-06,1414,2355.14285714286
2024-02-07,3923,2434.42857142857
2024-02-08,611,2191
2024-02-09,3699,2282.85714285714
2024-02-10,3563,2711.14285714286
2024-02-11,1802,2618.14285714286
2024-02-12,2788,2542.85714285714
2024-02-13,2755,2734.42857142857
2024-02-14,3309,2646.71428571429
2024-02-15,2803,2959.85714285714
2024-02-16,2611,2804.42857142857
2024-02-17,2996,2723.42857142857
2024-02-18,2939,2885.85714285714
2024-02-19,3817,3032.85714285714
2024-02-20,4177,3236
2024-02-21,3375,3245.42857142857
2024-02-22,3221,3305.14285714286
2024-02-23,3086,3373
2024-02-24,2220,3262.14285714286
2024-02-25,495,2913
2024-02-26,3651,2889.28571428571
2024-02-27,4101,2878.42857142857
2024-02-28,3717,2927.28571428571
2024-02-29,2562,2833.14285714286
2024-03-01,2690,2776.57142857143
2024-03-02,1783,2714.14285714286
2024-03-03,710,2744.85714285714
2024-03-04,2401,2566.28571428571
2024-03-05,2659,2360.28571428571
2024-03-06,3028,2261.85714285714
2024-03-07,2463,2247.71428571429
2024-03-08,2333,2196.71428571429
2024-03-09,2444,2291.14285714286
2024-03-10,609,2276.71428571429
2024-03-11,3145,2383
2024-03-12,3618,2520
2024-03-13,2842,2493.42857142857
2024-03-14,2690,2525.85714285714
2024-03-15,2742,2584.28571428571
2024-03-16,4172,2831.14285714286
2024-03-17,2417,3089.42857142857
2024-03-18,2631,3016
2024-03-19,3646,3020
2024-03-20,3162,3065.71428571429
2024-03-21,2937,3101
2024-03-22,2679,3092
2024-03-23,3621,3013.28571428571
2024-03-24,1967,2949
2024-03-25,2457,2924.14285714286
2024-03-26,3000,2831.85714285714
2024-03-27,3255,2845.14285714286
2024-03-28,3206,2883.57142857143
2024-03-29,2408,2844.85714285714
2024-03-30,2466,2679.85714285714
2024-03-31,530,2474.57142857143
2024-04-01,917,2254.57142857143
2024-04-02,3665,2349.57142857143
2024-04-03,4207,2485.57142857143
2024-04-04,3001,2456.28571428571
2024-04-05,2899,2526.42857142857
2024-04-06,3356,2653.57142857143
2024-04-07,1894,2848.42857142857
2024-04-08,3235,3179.57142857143
2024-04-09,3745,3191
2024-04-10,3943,3153.28571428571
2024-04-11,3317,3198.42857142857
2024-04-12,3188,3239.71428571429
2024-04-13,3038,3194.28571428571
2024-04-14,2399,3266.42857142857
2024-04-15,3786,3345.14285714286
2024-04-16,4097,3395.42857142857
2024-04-17,3426,3321.57142857143
2024-04-18,2937,3267.28571428571
2024-04-19,3258,3277.28571428571
2024-04-20,2627,3218.57142857143
2024-04-21,613,2963.42857142857
2024-04-22,5002,3137.14285714286
2024-04-23,4499,3194.57142857143
2024-04-24,3831,3252.42857142857
2024-04-25,3607,3348.14285714286
2024-04-26,3573,3393.14285714286
2024-04-27,2171,3328
2024-04-28,1956,3519.85714285714
2024-04-29,4488,3446.42857142857
2024-04-30,5982,3658.28571428571
2024-05-01,1942,3388.42857142857
2024-05-02,1835,3135.28571428571
2024-05-03,1999,2910.42857142857
2024-05-04,318,2645.71428571429
2024-05-05,326,2412.85714285714
2024-05-06,595,1856.71428571429
2024-05-07,3101,1445.14285714286
2024-05-08,2881,1579.28571428571
2024-05-09,1821,1577.28571428571
2024-05-10,2628,1667.14285714286
2024-05-11,1661,1859
2024-05-12,350,1862.42857142857
2024-05-13,2686,2161.14285714286
2024-05-14,3078,2157.85714285714
2024-05-15,2585,2115.57142857143
2024-05-16,2241,2175.57142857143
2024-05-17,1821,2060.28571428571
2024-05-18,1775,2076.57142857143
2024-05-19,924,2158.57142857143
2024-05-20,2177,2085.85714285714
2024-05-21,2340,1980.42857142857
2024-05-22,2688,1995.14285714286
2024-05-23,2166,1984.42857142857
2024-05-24,2349,2059.85714285714
2024-05-25,2610,2179.14285714286
2024-05-26,1552,2268.85714285714
2024-05-27,540,2035
2024-05-28,2631,2076.57142857143
2024-05-29,2832,2097.14285714286
2024-05-30,2065,2082.71428571429
2024-05-31,2191,2060.14285714286
2024-06-01,1745,1936.57142857143
2024-06-02,1519,1931.85714285714
2024-06-03,2405,2198.28571428571
2024-06-04,2915,2238.85714285714
2024-06-05,2893,2247.57142857143
2024-06-06,2381,2292.71428571429
2024-06-07,2340,2314
2024-06-08,29,2068.85714285714
2024-06-09,35,1856.85714285714
2024-06-10,2448,1863
2024-06-11,2544,1810
2024-06-12,2785,1794.57142857143
2024-06-13,2404,1797.85714285714
2024-06-14,2072,1759.57142857143
2024-06-15,1821,2015.57142857143
2024-06-16,1893,2281
2024-06-17,1938,2208.14285714286
2024-06-18,2478,2198.71428571429
2024-06-19,2651,2179.57142857143
2024-06-20,2374,2175.28571428571
2024-06-21,2288,2206.14285714286
2024-06-22,2294,2273.71428571429
2024-06-23,2126,2307
2024-06-24,2789,2428.57142857143
2024-06-25,2423,2420.71428571429
2024-06-26,2667,2423
2024-06-27,2058,2377.85714285714
2024-06-28,2652,2429.85714285714
2024-06-29,323,2148.28571428571
2024-06-30,372,1897.71428571429
2024-07-01,3254,1964.14285714286
2024-07-02,2721,2006.71428571429
2024-07-03,3182,2080.28571428571
2024-07-04,2155,2094.14285714286
2024-07-05,2118,2017.85714285714
2024-07-06,348,2021.42857142857
2024-07-07,385,2023.28571428571
2024-07-08,3666,2082.14285714286
2024-07-09,3212,2152.28571428571
2024-07-10,2935,2117
2024-07-11,2195,2122.71428571429
2024-07-12,2635,2196.57142857143
2024-07-13,368,2199.42857142857
2024-07-14,296,2186.71428571429
2024-07-15,3014,2093.57142857143
2024-07-16,2949,2056
2024-07-17,2631,2012.57142857143
2024-07-18,2389,2040.28571428571
2024-07-19,2208,1979.28571428571
2024-07-20,333,1974.28571428571
2024-07-21,312,1976.57142857143
2024-07-22,3002,1974.85714285714
2024-07-23,3092,1995.28571428571
2024-07-24,2693,2004.14285714286
2024-07-25,1705,1906.42857142857
2024-07-26,2360,1928.14285714286
2024-07-27,337,1928.71428571429
2024-07-28,304,1927.57142857143
2024-07-29,2838,1904.14285714286
2024-07-30,2576,1830.42857142857
2024-07-31,2699,1831.28571428571
2024-08-01,2044,1879.71428571429
2024-08-02,2284,1868.85714285714
2024-08-03,2501,2178
2024-08-04,388,2190
2024-08-05,3402,2270.57142857143
2024-08-06,3460,2396.85714285714
2024-08-07,2753,2404.57142857143
2024-08-08,2400,2455.42857142857
2024-08-09,2735,2519.85714285714
2024-08-10,364,2214.57142857143
2024-08-11,345,2208.42857142857
2024-08-12,3177,2176.28571428571
2024-08-13,2867,2091.57142857143
2024-08-14,2585,2067.57142857143
2024-08-15,2360,2061.85714285714
2024-08-16,2258,1993.71428571429
2024-08-17,303,1985
2024-08-18,386,1990.85714285714
2024-08-19,2982,1963
2024-08-20,3130,2000.57142857143
2024-08-21,2776,2027.85714285714
2024-08-22,2430,2037.85714285714
2024-08-23,2679,2098
2024-08-24,368,2107.28571428571
2024-08-25,331,2099.42857142857
2024-08-26,547,1751.57142857143
2024-08-27,3790,1845.85714285714
2024-08-28,3259,1914.85714285714
2024-08-29,2572,1935.14285714286
2024-08-30,2234,1871.57142857143
2024-08-31,317,1864.28571428571
2024-09-01,446,1880.71428571429
2024-09-02,3198,2259.42857142857
2024-09-03,3425,2207.28571428571
2024-09-04,2911,2157.57142857143
2024-09-05,2917,2206.85714285714
2024-09-06,2447,2237.28571428571
2024-09-07,446,2255.71428571429
2024-09-08,374,2245.42857142857
2024-09-09,3726,2320.85714285714
2024-09-10,3187,2286.85714285714
2024-09-11,2964,2294.42857142857
2024-09-12,2553,2242.42857142857
2024-09-13,2330,2225.71428571429
2024-09-14,310,2206.28571428571
2024-09-15,474,2220.57142857143
2024-09-16,3092,2130
2024-09-17,3389,2158.85714285714
2024-09-18,3092,2177.14285714286
2024-09-19,2573,2180
2024-09-20,2308,2176.85714285714
2024-09-21,311,2177
2024-09-22,414,2168.42857142857
2024-09-23,3244,2190.14285714286
2024-09-24,3228,2167.14285714286
2024-09-25,3067,2163.57142857143
2024-09-26,2516,2155.42857142857
2024-09-27,2935,2245
2024-09-28,321,2246.42857142857
2024-09-29,428,2248.42857142857
2024-09-30,3282,2253.85714285714
2024-10-01,4015,2366.28571428571
2024-10-02,2729,2318
2024-10-03,2748,2351.14285714286
2024-10-04,2525,2292.57142857143
2024-10-05,319,2292.28571428571
2024-10-06,440,2294
2024-10-07,3524,2328.57142857143
2024-10-08,3214,2214.14285714286
2024-10-09,3252,2288.85714285714
2024-10-10,2568,2263.14285714286
2024-10-11,2409,2246.57142857143
2024-10-12,318,2246.42857142857
2024-10-13,438,2246.14285714286
2024-10-14,3195,2199.14285714286
2024-10-15,3121,2185.85714285714
2024-10-16,3111,2165.71428571429
2024-10-17,3101,2241.85714285714
2024-10-18,2561,2263.57142857143
2024-10-19,315,2263.14285714286
2024-10-20,431,2262.14285714286
2024-10-21,3961,2371.57142857143
2024-10-22,2896,2339.42857142857
2024-10-23,2709,2282
2024-10-24,2500,2196.14285714286
2024-10-25,2429,2177.28571428571
2024-10-26,326,2178.85714285714
2024-10-27,429,2178.57142857143
2024-10-28,3568,2122.42857142857
2024-10-29,3511,2210.28571428571
2024-10-30,2468,2175.85714285714
2024-10-31,2400,2161.57142857143
2024-11-01,2326,2146.85714285714
2024-11-02,314,2145.14285714286
2024-11-03,377,2137.71428571429
2024-11-04,3680,2153.71428571429
2024-11-05,2742,2043.85714285714
2024-11-06,2415,2036.28571428571
2024-11-07,2507,2051.57142857143
2024-11-08,2749,2112
2024-11-09,350,2117.14285714286
2024-11-10,383,2118
2024-11-11,3555,2100.14285714286
2024-11-12,2843,2114.57142857143
2024-11-13,2558,2135
2024-11-14,2681,2159.85714285714
2024-11-15,2488,2122.57142857143
2024-11-16,295,2114.71428571429
2024-11-17,386,2115.14285714286
2024-11-18,3703,2136.28571428571
2024-11-19,2441,2078.85714285714
2024-11-20,2738,2104.57142857143
2024-11-21,2531,2083.14285714286
2024-11-22,2389,2069
2024-11-23,329,2073.85714285714
2024-11-24,434,2080.71428571429
2024-11-25,3604,2066.57142857143
2024-11-26,2789,2116.28571428571
2024-11-27,2990,2152.28571428571
2024-11-28,2391,2132.28571428571
2024-11-29,2384,2131.57142857143
2024-11-30,308,2128.57142857143
2024-12-01,393,2122.71428571429
2024-12-02,3131,2055.14285714286
2024-12-03,2865,2066
2024-12-04,2655,2018.14285714286
2024-12-05,2522,2036.85714285714
2024-12-06,54,1704
2024-12-08,1140,1766.71428571429
2024-12-09,4642,1982.57142857143
2024-12-10,2709,1960.28571428571
2024-12-11,2541,1944
2024-12-12,1977,1866.14285714286
2024-12-13,2684,2241.85714285714
2024-12-14,290,2283.28571428571
2024-12-15,336,2168.42857142857
2024-12-16,2972,1929.85714285714
2024-12-17,2457,1893.85714285714
2024-12-18,2595,1901.57142857143
2024-12-19,1863,1885.28571428571
2024-12-20,2411,1846.28571428571
2024-12-21,265,1842.71428571429
2024-12-22,281,1834.85714285714
2024-12-23,2477,1764.14285714286
2024-12-24,1156,1578.28571428571
2024-12-25,178,1233
2024-12-26,263,1004.42857142857
2024-12-27,1855,925
2024-12-28,263,924.714285714286
2024-12-29,302,927.714285714286
2024-12-30,2368,912.142857142857
2024-12-31,1589,974
2025-01-01,493,1019
2025-01-02,2344,1316.28571428571
2025-01-03,2354,1387.57142857143
2025-01-04,366,1402.28571428571
2025-01-05,512,1432.28571428571
2025-01-06,3558,1602.28571428571
2025-01-07,2610,1748.14285714286
2025-01-08,2845,2084.14285714286
2025-01-09,2520,2109.28571428571
2025-01-10,3092,2214.71428571429
2025-01-11,396,2219
2025-01-12,500,2217.28571428571
2025-01-13,3760,2246.14285714286
2025-01-14,3049,2308.85714285714
2025-01-15,3170,2355.28571428571
2025-01-16,2768,2390.71428571429
2025-01-17,2928,2367.28571428571
2025-01-18,403,2368.28571428571
2025-01-19,515,2370.42857142857
2025-01-20,3435,2324
2025-01-21,3249,2352.57142857143
2025-01-22,3241,2362.71428571429
2025-01-23,2490,2323
2025-01-24,3025,2336.85714285714
2025-01-25,450,2343.57142857143
2025-01-26,610,2357.14285714286
2025-01-27,3582,2378.14285714286
2025-01-28,3096,2356.28571428571
2025-01-29,3212,2352.14285714286
2025-01-30,2386,2337.28571428571
2025-01-31,2689,2289.28571428571
2025-02-01,444,2288.42857142857
2025-02-02,524,2276.14285714286
2025-02-03,3497,2264
2025-02-04,3390,2306
2025-02-05,3602,2361.71428571429
2025-02-06,2809,2422.14285714286
2025-02-07,2571,2405.28571428571
2025-02-08,453,2406.57142857143
2025-02-09,561,2411.85714285714
2025-02-10,4146,2504.57142857143
2025-02-11,3197,2477
2025-02-12,3474,2458.71428571429
2025-02-13,2854,2465.14285714286
2025-02-14,2686,2481.57142857143
2025-02-15,420,2476.85714285714
2025-02-16,564,2477.28571428571
2025-02-17,3635,2404.28571428571
2025-02-18,3294,2418.14285714286
2025-02-19,3408,2408.71428571429
2025-02-20,2566,2367.57142857143
2025-02-21,2793,2382.85714285714
2025-02-22,387,2378.14285714286
2025-02-23,533,2373.71428571429
2025-02-24,3481,2351.71428571429
2025-02-25,3542,2387.14285714286
2025-02-26,3620,2417.42857142857
2025-02-27,2587,2420.42857142857
2025-02-28,2684,2404.85714285714
2025-03-01,484,2418.71428571429
2025-03-02,540,2419.71428571429
2025-03-03,3895,2478.85714285714
2025-03-04,3641,2493
2025-03-05,4034,2552.14285714286
2025-03-06,3263,2648.71428571429
2025-03-07,2770,2661
2025-03-08,448,2655.85714285714
2025-03-09,507,2651.14285714286
2025-03-10,3181,2549.14285714286
2025-03-11,3751,2564.85714285714
2025-03-12,3604,2503.42857142857
2025-03-13,2959,2460
2025-03-14,3227,2525.28571428571
2025-03-15,439,2524
2025-03-16,512,2524.71428571429
2025-03-17,3599,2584.42857142857
2025-03-18,3452,2541.71428571429
2025-03-19,4075,2609
2025-03-20,2994,2614
2025-03-21,2993,2580.57142857143
2025-03-22,515,2591.42857142857
2025-03-23,558,2598
2025-03-24,4374,2708.71428571429
2025-03-25,3749,2751.14285714286
2025-03-26,3975,2736.85714285714
2025-03-27,3265,2775.57142857143
2025-03-28,2711,2735.28571428571
2025-03-29,382,2716.28571428571
2025-03-30,421,2696.71428571429
2025-03-31,3560,2580.42857142857
2025-04-01,3712,2575.14285714286
2025-04-02,3915,2566.57142857143
2025-04-03,2206,2415.28571428571
2025-04-04,3163,2479.85714285714
2025-04-05,398,2482.14285714286
2025-04-06,618,2510.28571428571
2025-04-07,4151,2594.71428571429
2025-04-08,3747,2599.71428571429
2025-04-09,3568,2550.14285714286
2025-04-10,2859,2643.42857142857
2025-04-11,2842,2597.57142857143
2025-04-12,452,2605.28571428571
2025-04-13,528,2592.42857142857
2025-04-14,3269,2466.42857142857
2025-04-15,3693,2458.71428571429
2025-04-16,2972,2373.57142857143
2025-04-17,2751,2358.14285714286
2025-04-18,569,2033.42857142857
2025-04-19,326,2015.42857142857
2025-04-20,382,1994.57142857143
2025-04-21,578,1610.14285714286
2025-04-22,4059,1662.42857142857
2025-04-23,3836,1785.85714285714
2025-04-24,3156,1843.71428571429
2025-04-25,3160,2213.85714285714
2025-04-26,443,2230.57142857143
2025-04-27,471,2243.28571428571
2025-04-28,4220,2763.57142857143
2025-04-29,4188,2782
2025-04-30,3948,2798
2025-05-01,2942,2767.42857142857
2025-05-02,2931,2734.71428571429
2025-05-03,342,2720.28571428571
2025-05-04,472,2720.42857142857
2025-05-05,647,2210
2025-05-06,4275,2222.42857142857
2025-05-07,3363,2138.85714285714
2025-05-08,3328,2194
2025-05-09,2830,2179.57142857143
2025-05-10,375,2184.28571428571
2025-05-11,440,2179.71428571429
2025-05-12,3591,2600.28571428571
2025-05-13,3311,2462.57142857143
2025-05-14,3189,2437.71428571429
2025-05-15,2821,2365.28571428571
2025-05-16,56,1969
2025-05-17,1000,2058.28571428571
2025-05-18,486,2064.85714285714
2025-05-19,4740,2229
2025-05-20,4145,2348.14285714286
2025-05-21,3364,2373.14285714286
2025-05-22,3180,2424.42857142857
2025-05-23,2854,2824.14285714286
2025-05-24,396,2737.85714285714
2025-05-25,465,2734.85714285714
2025-05-26,657,2151.57142857143
2025-05-27,4477,2199
2025-05-28,3474,2214.71428571429
2025-05-29,3077,2200
2025-05-30,2844,2198.57142857143
2025-05-31,444,2205.42857142857
2025-06-01,582,2222.14285714286
2025-06-02,3691,2655.57142857143
2025-06-03,3689,2543
2025-06-04,3228,2507.85714285714
2025-06-05,3044,2503.14285714286
2025-06-06,2490,2452.57142857143
2025-06-07,409,2447.57142857143
2025-06-08,557,2444
2025-06-09,3683,2442.85714285714
2025-06-10,3473,2412
2025-06-11,2968,2374.85714285714
2025-06-12,2953,2361.85714285714
2025-06-13,2891,2419.14285714286
2025-06-14,402,2418.14285714286
2025-06-15,425,2399.28571428571
2025-06-16,3300,2344.57142857143
2025-06-17,3627,2366.57142857143
2025-06-18,2859,2351
2025-06-19,2907,2344.42857142857
2025-06-20,2741,2323
2025-06-21,331,2312.85714285714
2025-06-22,494,2322.71428571429
2025-06-23,3569,2361.14285714286
2025-06-24,3086,2283.85714285714
2025-06-25,2897,2289.28571428571
2025-06-26,2844,2280.28571428571
2025-06-27,2885,2300.85714285714
2025-06-28,423,2314
2025-06-29,568,2324.57142857143
2025-06-30,3175,2268.28571428571
2025-07-01,3513,2329.28571428571
2025-07-02,3495,2414.71428571429
2025-07-03,2798,2408.14285714286
2025-07-04,28,2000
2025-07-05,1130,2101
2025-07-06,525,2094.85714285714
2025-07-07,4131,2231.42857142857
2025-07-08,4218,2332.14285714286
2025-07-09,2634,2209.14285714286
2025-07-10,3060,2246.57142857143
2025-07-11,2543,2605.85714285714
2025-07-12,361,2496
2025-07-13,491,2491.14285714286
2025-07-14,3295,2371.71428571429
2025-07-15,3419,2257.57142857143
2025-07-16,3185,2336.28571428571
2025-07-17,2896,2312.85714285714
2025-07-18,2923,2367.14285714286
2025-07-19,386,2370.71428571429
2025-07-20,539,2377.57142857143
2025-07-21,3769,2445.28571428571
2025-07-22,3046,2392
2025-07-23,2856,2345
2025-07-24,3129,2378.28571428571
2025-07-25,2539,2323.42857142857
2025-07-26,16,2270.57142857143
2025-07-27,108,2209
2025-07-28,2722,2059.42857142857
2025-07-29,4236,2229.42857142857
2025-07-30,3147,2271
2025-07-31,3174,2277.42857142857
2025-08-01,2969,2338.85714285714
2025-08-02,386,2391.71428571429
2025-08-03,589,2460.42857142857
2025-08-04,3864,2623.57142857143
2025-08-05,3582,2530.14285714286
2025-08-06,3143,2529.57142857143
2025-08-07,2797,2475.71428571429
2025-08-08,2693,2436.28571428571
2025-08-09,426,2442
2025-08-10,512,2431
2025-08-11,4045,2456.85714285714
2025-08-12,3060,2382.28571428571
2025-08-13,2832,2337.85714285714
2025-08-14,2880,2349.71428571429
2025-08-15,2554,2329.85714285714
2025-08-16,373,2322.28571428571
2025-08-17,506,2321.42857142857
2025-08-18,3396,2228.71428571429
2025-08-19,3134,2239.28571428571
2025-08-20,3026,2267
2025-08-21,2865,2264.85714285714
2025-08-22,2458,2251.14285714286
2025-08-23,367,2250.28571428571
2025-08-24,450,2242.28571428571
2025-08-25,618,1845.42857142857
2025-08-26,3803,1941
2025-08-27,3530,2013
2025-08-28,3475,2100.14285714286
2025-08-29,2906,2164.14285714286
2025-08-30,478,2180
2025-08-31,524,2190.57142857143
2025-09-01,4064,2682.85714285714
2025-09-02,3351,2618.28571428571
2025-09-03,2917,2530.71428571429
2025-09-04,3285,2503.57142857143
2025-09-05,2949,2509.71428571429
2025-09-06,418,2501.14285714286
2025-09-07,559,2506.14285714286
2025-09-08,4260,2534.14285714286
2025-09-09,3209,2513.85714285714
2025-09-10,3403,2583.28571428571
2025-09-11,3144,2563.14285714286
2025-09-12,2752,2535
2025-09-13,374,2528.71428571429
2025-09-14,517,2522.71428571429
2025-09-15,3970,2481.28571428571
2025-09-16,3394,2507.71428571429
2025-09-17,3064,2459.28571428571
2025-09-18,3035,2443.71428571429
2025-09-19,2709,2437.57142857143
2025-09-20,440,2447
2025-09-21,529,2448.71428571429
2025-09-22,3943,2444.85714285714
2025-09-23,3168,2412.57142857143
2025-09-24,3104,2418.28571428571
2025-09-25,3082,2425
2025-09-26,2626,2413.14285714286
2025-09-27,412,2409.14285714286
2025-09-28,544,2411.28571428571
2025-09-29,4149,2440.71428571429
2025-09-30,3143,2437.14285714286
2025-10-01,3358,2473.42857142857
2025-10-02,3176,2486.85714285714
2025-10-03,2997,2539.85714285714
2025-10-04,455,2546
2025-10-05,596,2553.42857142857
2025-10-06,3969,2527.71428571429
2025-10-07,3129,2525.71428571429
2025-10-08,2957,2468.42857142857
2025-10-09,3224,2475.28571428571
2025-10-10,2777,2443.85714285714
2025-10-11,17,2381.28571428571
2025-10-12,106,2311.28571428571
2025-10-13,3658,2266.85714285714
2025-10-14,3334,2296.14285714286
2025-10-15,2993,2301.28571428571
2025-10-16,3262,2306.71428571429
2025-10-17,2755,2303.57142857143
2025-10-18,415,2360.42857142857
2025-10-19,573,2427.14285714286
2025-10-20,4000,2476
2025-10-21,3049,2435.28571428571
2025-10-22,3084,2448.28571428571
2025-10-23,3069,2420.71428571429
2025-10-24,2810,2428.57142857143
2025-10-25,398,2426.14285714286
2025-10-26,564,2424.85714285714
2025-10-27,3834,2401.14285714286
2025-10-28,3024,2397.57142857143
2025-10-29,3063,2394.57142857143
2025-10-30,3074,2395.28571428571
2025-10-31,2510,2352.42857142857
